fundType,companyName,fundName,registeredAt,expiredAt,settlementMonth,manager,support,purpose,industry,baseRate,totalAmount
투자조합,스틱벤처스,스틱벤처스 모태자조합 제1호,,,12,,모태펀드,,,,33400000000
투자조합,엘비인베스트먼트,엘비인베스트먼트 모태자조합 제1호,,,12,,모태펀드,,,,25000000000
투자조합,에스엘인베스트먼트,에스엘인베스트먼트 모태자조합 제1호,,,12,,모태펀드,,,,26904000000
투자조합,에스제이벤처인베스트먼트,에스제이벤처인베스트먼트 모태자조합 제1호,,,12,,모태펀드,,,,20000000000
투자조합,한화투자증권,한화투자증권 모태자조합 제1호,,,12,,모태펀드,,,,20000000000
투자조합,일신창업투자,일신창업투자 모태자조합 제1호,,,12,,모태펀드,,,,95236000000
투자조합,스톤브릿지벤처스,스톤브릿지벤처스 모태자조합 제1호,,,12,,모태펀드,,,,51500000000
투자조합,스틱벤처스,스틱벤처스 모태자조합 제2호,,,12,,모태펀드,,,,119000000000
투자조합,일신창업투자,일신창업투자 모태자조합 제2호,,,12,,모태펀드,,,,29500000000
투자조합,센츄리온기술투자,센츄리온기술투자 모태자조합 제1호,,,12,,모태펀드,,,,25250000000
투자조합,스마일게이트인베스트먼트,스마일게이트인베스트먼트 모태자조합 제1호,,,12,,모태펀드,,,,12000000000
투자조합,원익투자파트너스,원익투자파트너스 모태자조합 제1호,,,12,,모태펀드,,,,5000000000
투자조합,인터베스트,인터베스트 모태자조합 제1호,,,12,,모태펀드,,,,28000000000
투자조합,엘비인베스트먼트,엘비인베스트먼트 모태자조합 제2호,,,12,,모태펀드,,,,30000000000
투자조합,에스유앤피,에스유앤피 모태자조합 제1호,,,12,,모태펀드,,,,15000000000
투자조합,화이텍인베스트먼트,화이텍인베스트먼트 모태자조합 제1호,,,12,,모태펀드,,,,10000000000
투자조합,프리미어파트너스,프리미어파트너스 모태자조합 제1호,,,12,,모태펀드,,,,50000000000
투자조합,유안타인베스트먼트,유안타인베스트먼트 모태자조합 제1호,,,12,,모태펀드,,,,10500000000
투자조합,에이티넘인베스트먼트,에이티넘인베스트먼트 모태자조합 제1호,,,12,,모태펀드,,,,11000000000
투자조합,신한캐피탈,신한캐피탈 모태자조합 제1호,,,12,,모태펀드,,,,10000000000
투자조합,케이디파트너스,케이디파트너스 모태자조합 제1호,,,12,,모태펀드,,,,10000000000
투자조합,한화투자증권,한화투자증권 모태자조합 제2호,,,12,,모태펀드,,,,10000000000
투자조합,마이벤처파트너스,마이벤처파트너스 모태자조합 제1호,,,12,,모태펀드,,,,11100000000
투자조합,대성창업투자,대성창업투자 모태자조합 제1호,,,12,,모태펀드,,,,17000000000
투자조합,에스유앤피,에스유앤피 모태자조합 제2호,,,12,,모태펀드,,,,28341000000
투자조합,아이비케이캐피탈,아이비케이캐피탈 모태자조합 제1호,,,12,,모태펀드,,,,13000000000
투자조합,에이티넘인베스트먼트,에이티넘인베스트먼트 모태자조합 제2호,,,12,,모태펀드,,,,22000000000
투자조합,아주아이비투자,아주아이비투자 모태자조합 제1호,,,12,,모태펀드,,,,16000000000
투자조합,파트너스인베스트먼트,파트너스인베스트먼트 모태자조합 제1호,,,12,,모태펀드,,,,15000000000
투자조합,케이비인베스트먼트,케이비인베스트먼트 모태자조합 제1호,,,12,,모태펀드,,,,20000000000
투자조합,에이치비인베스트먼트,에이치비인베스트먼트 모태자조합 제1호,,,12,,모태펀드,,,,5000000000
투자조합,한화투자증권,한화투자증권 모태자조합 제3호,,,12,,모태펀드,,,,10000000000
투자조합,이노폴리스파트너스,이노폴리스파트너스 모태자조합 제1호,,,12,,모태펀드,,,,80000000000
투자조합,대성창업투자,대성창업투자 모태자조합 제2호,,,12,,모태펀드,,,,10000000000
투자조합,스틱벤처스,스틱벤처스 모태자조합 제3호,,,12,,모태펀드,,,,185200000000
투자조합,우리인베스트먼트,우리인베스트먼트 모태자조합 제1호,,,12,,모태펀드,,,,18700000000
투자조합,에이치비인베스트먼트,에이치비인베스트먼트 모태자조합 제2호,,,12,,모태펀드,,,,15000000000
투자조합,씨제이인베스트먼트,씨제이인베스트먼트 모태자조합 제1호,,,12,,모태펀드,,,,10000000000
투자조합,플래티넘기술투자,플래티넘기술투자 모태자조합 제1호,,,12,,모태펀드,,,,10000000000
투자조합,원익투자파트너스,원익투자파트너스 모태자조합 제2호,,,12,,모태펀드,,,,8000000000
투자조합,화이텍인베스트먼트,화이텍인베스트먼트 모태자조합 제2호,,,12,,모태펀드,,,,10000000000
투자조합,신한벤처투자,신한벤처투자 모태자조합 제1호,,,12,,모태펀드,,,,20000000000
투자조합,키움인베스트먼트,키움인베스트먼트 모태자조합 제1호,,,12,,모태펀드,,,,20000000000
투자조합,린드먼아시아인베스트먼트,린드먼아시아인베스트먼트 모태자조합 제1호,,,12,,모태펀드,,,,13000000000
투자조합,(말소_신기사)케이티비네트워크,(말소_신기사)케이티비네트워크 모태자조합 제1호,,,12,,모태펀드,,,,20000000000
투자조합,알케이캐피탈,알케이캐피탈 모태자조합 제1호,,,12,,모태펀드,,,,5000000000
투자조합,이수창업투자,이수창업투자 모태자조합 제1호,,,12,,모태펀드,,,,25000000000
투자조합,에스비아이인베스트먼트,에스비아이인베스트먼트 모태자조합 제1호,,,12,,모태펀드,,,,9000000000
투자조합,스톤브릿지벤처스,스톤브릿지벤처스 모태자조합 제2호,,,12,,모태펀드,,,,10000000000
투자조합,미시간벤처캐피탈,미시간벤처캐피탈 모태자조합 제1호,,,12,,모태펀드,,,,10000000000
투자조합,마이벤처파트너스,마이벤처파트너스 모태자조합 제2호,,,12,,모태펀드,,,,11000000000
투자조합,현대기술투자,현대기술투자 모태자조합 제1호,,,12,,모태펀드,,,,20000000000
투자조합,엘비인베스트먼트,엘비인베스트먼트 모태자조합 제3호,,,12,,모태펀드,,,,37000000000
투자조합,케이디파트너스,케이디파트너스 모태자조합 제2호,,,12,,모태펀드,,,,10000000000
투자조합,유안타인베스트먼트,유안타인베스트먼트 모태자조합 제2호,,,12,,모태펀드,,,,30000000000
투자조합,대성창업투자,대성창업투자 모태자조합 제3호,,,12,,모태펀드,,,,10000000000
투자조합,린드먼아시아인베스트먼트,린드먼아시아인베스트먼트 모태자조합 제2호,,,12,,모태펀드,,,,31194000000
투자조합,에이치비인베스트먼트,에이치비인베스트먼트 모태자조합 제3호,,,12,,모태펀드,,,,40000000000
투자조합,원익투자파트너스,원익투자파트너스 모태자조합 제3호,,,12,,모태펀드,,,,18000000000
투자조합,레오파트너스인베스트먼트,레오파트너스인베스트먼트 모태자조합 제1호,,,12,,모태펀드,,,,14150000000
투자조합,인터베스트,인터베스트 모태자조합 제2호,,,12,,모태펀드,,,,60000000000
투자조합,대경인베스트먼트,대경인베스트먼트 모태자조합 제1호,,,12,,모태펀드,,,,20000000000
투자조합,에스브이인베스트먼트,에스브이인베스트먼트 모태자조합 제1호,,,12,,모태펀드,,,,15000000000
투자조합,코오롱인베스트먼트,코오롱인베스트먼트 모태자조합 제1호,,,12,,모태펀드,,,,10000000000
투자조합,큐캐피탈파트너스,큐캐피탈파트너스 모태자조합 제1호,,,12,,모태펀드,,,,30000000000
투자조합,유안타인베스트먼트,유안타인베스트먼트 모태자조합 제3호,,,12,,모태펀드,,,,30000000000
투자조합,한국투자파트너스,한국투자파트너스 모태자조합 제1호,,,12,,모태펀드,,,,35000000000
투자조합,스틱벤처스,스틱벤처스 모태자조합 제4호,,,12,,모태펀드,,,,158800000000
투자조합,대성창업투자,대성창업투자 모태자조합 제4호,,,12,,모태펀드,,,,7200000000
투자조합,스톤브릿지벤처스,스톤브릿지벤처스 모태자조합 제3호,,,12,,모태펀드,,,,29000000000
투자조합,에스유앤피,에스유앤피 모태자조합 제3호,,,12,,모태펀드,,,,42500000000
투자조합,캡스톤파트너스,캡스톤파트너스 모태자조합 제1호,,,12,,모태펀드,,,,35875000000
투자조합,우리인베스트먼트,우리인베스트먼트 모태자조합 제2호,,,12,,모태펀드,,,,10000000000
투자조합,키움인베스트먼트,키움인베스트먼트 모태자조합 제2호,,,12,,모태펀드,,,,10000000000
투자조합,에스비아이인베스트먼트,에스비아이인베스트먼트 모태자조합 제2호,,,12,,모태펀드,,,,25000000000
투자조합,컴퍼니케이파트너스,컴퍼니케이파트너스 모태자조합 제1호,,,12,,모태펀드,,,,10000000000
투자조합,에스엘인베스트먼트,에스엘인베스트먼트 모태자조합 제2호,,,12,,모태펀드,,,,10000000000
투자조합,에이치큐인베스트먼트,에이치큐인베스트먼트 모태자조합 제1호,,,12,,모태펀드,,,,15000000000
투자조합,스마일게이트인베스트먼트,스마일게이트인베스트먼트 모태자조합 제2호,,,12,,모태펀드,,,,24000000000
투자조합,파트너스인베스트먼트,파트너스인베스트먼트 모태자조합 제2호,,,12,,모태펀드,,,,30000000000
투자조합,윈브릿지캐피탈,윈브릿지캐피탈 모태자조합 제1호,,,12,,모태펀드,,,,25100000000
투자조합,유니온투자파트너스,유니온투자파트너스 모태자조합 제1호,,,12,,모태펀드,,,,20000000000
투자조합,동훈인베스트먼트,동훈인베스트먼트 모태자조합 제1호,,,12,,모태펀드,,,,10000000000
투자조합,(말소_창투사)이앤인베스트먼트,(말소_창투사)이앤인베스트먼트 모태자조합 제1호,,,12,,모태펀드,,,,10000000000
투자조합,한화투자증권,한화투자증권 모태자조합 제4호,,,12,,모태펀드,,,,20000000000
투자조합,에스유앤피,에스유앤피 모태자조합 제4호,,,12,,모태펀드,,,,20000000000
투자조합,아이비케이캐피탈,아이비케이캐피탈 모태자조합 제2호,,,12,,모태펀드,,,,12000000000
투자조합,한국투자파트너스,한국투자파트너스 모태자조합 제2호,,,12,,모태펀드,,,,30000000000
투자조합,에이치비인베스트먼트,에이치비인베스트먼트 모태자조합 제4호,,,12,,모태펀드,,,,40000000000
투자조합,에이티넘인베스트먼트,에이티넘인베스트먼트 모태자조합 제3호,,,12,,모태펀드,,,,45000000000
투자조합,대성창업투자,대성창업투자 모태자조합 제5호,,,12,,모태펀드,,,,16000000000
투자조합,케이넷투자파트너스,케이넷투자파트너스 모태자조합 제1호,,,12,,모태펀드,,,,50000000000
투자조합,씨케이디창업투자,씨케이디창업투자 모태자조합 제1호,,,12,,모태펀드,,,,7500000000
투자조합,신한벤처투자,신한벤처투자 모태자조합 제2호,,,12,,모태펀드,,,,28000000000
투자조합,프리미어파트너스,프리미어파트너스 모태자조합 제2호,,,12,,모태펀드,,,,25000000000
투자조합,유안타인베스트먼트,유안타인베스트먼트 모태자조합 제4호,,,12,,모태펀드,,,,12000000000
투자조합,삼호그린인베스트먼트,삼호그린인베스트먼트 모태자조합 제1호,,,12,,모태펀드,,,,7600000000
투자조합,대경인베스트먼트,대경인베스트먼트 모태자조합 제2호,,,12,,모태펀드,,,,22000000000
투자조합,에스엘인베스트먼트,에스엘인베스트먼트 모태자조합 제3호,,,12,,모태펀드,,,,20000000000
투자조합,엘비인베스트먼트,엘비인베스트먼트 모태자조합 제4호,,,12,,모태펀드,,,,20000000000
투자조합,일신창업투자,일신창업투자 모태자조합 제3호,,,12,,모태펀드,,,,10000000000
투자조합,미시간벤처캐피탈,미시간벤처캐피탈 모태자조합 제2호,,,12,,모태펀드,,,,12500000000
투자조합,에스비브이에이,에스비브이에이 모태자조합 제1호,,,12,,모태펀드,,,,10000000000
투자조합,우리인베스트먼트,우리인베스트먼트 모태자조합 제3호,,,12,,모태펀드,,,,31400000000
투자조합,아주아이비투자,아주아이비투자 모태자조합 제2호,,,12,,모태펀드,,,,10000000000
투자조합,메이플투자파트너스,메이플투자파트너스 모태자조합 제1호,,,12,,모태펀드,,,,10000000000
투자조합,에스브이인베스트먼트,에스브이인베스트먼트 모태자조합 제2호,,,12,,모태펀드,,,,25000000000
투자조합,씨제이인베스트먼트,씨제이인베스트먼트 모태자조합 제2호,,,12,,모태펀드,,,,10000000000
투자조합,인터베스트,인터베스트 모태자조합 제3호,,,12,,모태펀드,,,,100000000000
투자조합,키움인베스트먼트,키움인베스트먼트 모태자조합 제3호,,,12,,모태펀드,,,,20000000000
투자조합,파트너스인베스트먼트,파트너스인베스트먼트 모태자조합 제3호,,,12,,모태펀드,,,,25000000000
투자조합,원익투자파트너스,원익투자파트너스 모태자조합 제4호,,,12,,모태펀드,,,,20000000000
투자조합,컴퍼니케이파트너스,컴퍼니케이파트너스 모태자조합 제2호,,,12,,모태펀드,,,,15000000000
투자조합,알바트로스인베스트먼트,알바트로스인베스트먼트 모태자조합 제1호,,,12,,모태펀드,,,,11500000000
투자조합,스마일게이트인베스트먼트,스마일게이트인베스트먼트 모태자조합 제3호,,,12,,모태펀드,,,,10000000000
투자조합,신한벤처투자,신한벤처투자 모태자조합 제3호,,,12,,모태펀드,,,,12000000000
투자조합,대성창업투자,대성창업투자 모태자조합 제6호,,,12,,모태펀드,,,,10000000000
투자조합,코오롱인베스트먼트,코오롱인베스트먼트 모태자조합 제2호,,,12,,모태펀드,,,,13000000000
투자조합,플래티넘기술투자,플래티넘기술투자 모태자조합 제2호,,,12,,모태펀드,,,,5000000000
투자조합,에스엘인베스트먼트,에스엘인베스트먼트 모태자조합 제4호,,,12,,모태펀드,,,,12500000000
투자조합,산은캐피탈,산은캐피탈 모태자조합 제1호,,,12,,모태펀드,,,,10000000000
투자조합,중소기업은행,중소기업은행 모태자조합 제1호,,,12,,모태펀드,,,,42000000000
투자조합,레오파트너스인베스트먼트,레오파트너스인베스트먼트 모태자조합 제2호,,,12,,모태펀드,,,,10000000000
투자조합,골드레인인베스트먼트,골드레인인베스트먼트 모태자조합 제1호,,,12,,모태펀드,,,,27500000000
투자조합,이수창업투자,이수창업투자 모태자조합 제2호,,,12,,모태펀드,,,,21150000000
투자조합,스카이레이크인베스트먼트,스카이레이크인베스트먼트 모태자조합 제1호,,,12,,모태펀드,,,,100000000000
투자조합,이앤인베스트먼트,이앤인베스트먼트 모태자조합 제1호,,,12,,모태펀드,,,,10000000000
투자조합,우리기술투자,우리기술투자 모태자조합 제1호,,,12,,모태펀드,,,,10000000000
투자조합,우리인베스트먼트,우리인베스트먼트 모태자조합 제4호,,,12,,모태펀드,,,,10000000000
투자조합,동훈인베스트먼트,동훈인베스트먼트 모태자조합 제2호,,,12,,모태펀드,,,,10000000000
투자조합,스톤브릿지벤처스,스톤브릿지벤처스 모태자조합 제4호,,,12,,모태펀드,,,,11000000000
투자조합,에스엠비투자파트너스,에스엠비투자파트너스 모태자조합 제1호,,,12,,모태펀드,,,,10000000000
투자조합,아주아이비투자,아주아이비투자 모태자조합 제3호,,,12,,모태펀드,,,,16000000000
투자조합,비케이인베스트먼트,비케이인베스트먼트 모태자조합 제1호,,,12,,모태펀드,,,,10300000000
투자조합,씨케이디창업투자,씨케이디창업투자 모태자조합 제2호,,,12,,모태펀드,,,,6000000000
투자조합,한국투자파트너스,한국투자파트너스 모태자조합 제3호,,,12,,모태펀드,,,,70000000000
투자조합,에스유앤피,에스유앤피 모태자조합 제5호,,,12,,모태펀드,,,,40861000000
투자조합,이상인베스트먼트,이상인베스트먼트 모태자조합 제1호,,,12,,모태펀드,,,,15000000000
투자조합,한화투자증권,한화투자증권 모태자조합 제5호,,,12,,모태펀드,,,,40000000000
투자조합,비엔케이벤처투자,비엔케이벤처투자 모태자조합 제1호,,,12,,모태펀드,,,,20000000000
투자조합,에이치비인베스트먼트,에이치비인베스트먼트 모태자조합 제5호,,,12,,모태펀드,,,,51000000000
투자조합,에이티넘인베스트먼트,에이티넘인베스트먼트 모태자조합 제4호,,,12,,모태펀드,,,,40000000000
투자조합,일신창업투자,일신창업투자 모태자조합 제4호,,,12,,모태펀드,,,,56600000000
투자조합,큐브벤처파트너스,큐브벤처파트너스 모태자조합 제1호,,,12,,모태펀드,,,,30000000000
투자조합,티에스인베스트먼트,티에스인베스트먼트 모태자조합 제1호,,,12,,모태펀드,,,,15000000000
투자조합,엘비인베스트먼트,엘비인베스트먼트 모태자조합 제5호,,,12,,모태펀드,,,,93382000000
투자조합,미래에쿼티파트너스,미래에쿼티파트너스 모태자조합 제1호,,,12,,모태펀드,,,,20000000000
투자조합,큐캐피탈파트너스,큐캐피탈파트너스 모태자조합 제2호,,,12,,모태펀드,,,,20000000000
투자조합,컴퍼니케이파트너스,컴퍼니케이파트너스 모태자조합 제3호,,,12,,모태펀드,,,,10000000000
투자조합,씨제이인베스트먼트,씨제이인베스트먼트 모태자조합 제3호,,,12,,모태펀드,,,,41900000000
투자조합,산은캐피탈,산은캐피탈 모태자조합 제2호,,,12,,모태펀드,,,,24600000000
투자조합,지온인베스트먼트,지온인베스트먼트 모태자조합 제1호,,,12,,모태펀드,,,,12000000000
투자조합,미시간벤처캐피탈,미시간벤처캐피탈 모태자조합 제3호,,,12,,모태펀드,,,,15000000000
투자조합,엘비인베스트먼트,엘비인베스트먼트 모태자조합 제6호,,,12,,모태펀드,,,,30000000000
투자조합,아이엠엠인베스트먼트,아이엠엠인베스트먼트 모태자조합 제1호,,,12,,모태펀드,,,,15500000000
투자조합,트라이던트앤파트너스,트라이던트앤파트너스 모태자조합 제1호,,,12,,모태펀드,,,,10500000000
투자조합,한국투자파트너스,한국투자파트너스 모태자조합 제4호,,,12,,모태펀드,,,,60000000000
투자조합,대성창업투자,대성창업투자 모태자조합 제7호,,,12,,모태펀드,,,,40000000000
투자조합,보광인베스트먼트,보광인베스트먼트 모태자조합 제1호,,,12,,모태펀드,,,,35000000000
투자조합,에스브이인베스트먼트,에스브이인베스트먼트 모태자조합 제3호,,,12,,모태펀드,,,,24920000000
투자조합,유티씨인베스트먼트,유티씨인베스트먼트 모태자조합 제1호,,,12,,모태펀드,,,,15000000000
투자조합,트라이던트앤파트너스,트라이던트앤파트너스 모태자조합 제2호,,,12,,모태펀드,,,,10000000000
투자조합,포스코기술투자,포스코기술투자 모태자조합 제1호,,,12,,모태펀드,,,,10000000000
투자조합,엘앤에스벤처캐피탈,엘앤에스벤처캐피탈 모태자조합 제1호,,,12,,모태펀드,,,,10000000000
투자조합,아이엠엠인베스트먼트,아이엠엠인베스트먼트 모태자조합 제2호,,,12,,모태펀드,,,,10000000000
투자조합,유니온투자파트너스,유니온투자파트너스 모태자조합 제2호,,,12,,모태펀드,,,,15000000000
투자조합,동문파트너즈,동문파트너즈 모태자조합 제1호,,,12,,모태펀드,,,,34000000000
투자조합,윈브릿지캐피탈,윈브릿지캐피탈 모태자조합 제2호,,,12,,모태펀드,,,,18144000000
투자조합,이수창업투자,이수창업투자 모태자조합 제3호,,,12,,모태펀드,,,,15000000000
투자조합,미시간벤처캐피탈,미시간벤처캐피탈 모태자조합 제4호,,,12,,모태펀드,,,,10000000000
투자조합,유니온투자파트너스,유니온투자파트너스 모태자조합 제3호,,,12,,모태펀드,,,,15000000000
투자조합,산은캐피탈,산은캐피탈 모태자조합 제3호,,,12,,모태펀드,,,,30000000000
투자조합,프리미어파트너스,프리미어파트너스 모태자조합 제3호,,,12,,모태펀드,,,,100000000000
투자조합,신한벤처투자,신한벤처투자 모태자조합 제4호,,,12,,모태펀드,,,,30000000000
투자조합,트루윈창업투자,트루윈창업투자 모태자조합 제1호,,,12,,모태펀드,,,,15012000000
투자조합,비에스케이인베스트먼트,비에스케이인베스트먼트 모태자조합 제1호,,,12,,모태펀드,,,,10000000000
투자조합,아이원인베스트,아이원인베스트 모태자조합 제1호,,,12,,모태펀드,,,,10000000000
투자조합,한국투자파트너스,한국투자파트너스 모태자조합 제5호,,,12,,모태펀드,,,,135000000000
투자조합,나우아이비캐피탈,나우아이비캐피탈 모태자조합 제1호,,,12,,모태펀드,,,,30000000000
투자조합,컴퍼니케이파트너스,컴퍼니케이파트너스 모태자조합 제4호,,,12,,모태펀드,,,,10000000000
투자조합,한국벤처투자,한국벤처투자 모태자조합 제1호,,,12,,모태펀드,,,,120000000000
투자조합,키움인베스트먼트,키움인베스트먼트 모태자조합 제4호,,,12,,모태펀드,,,,20000000000
투자조합,아이엠엠인베스트먼트,아이엠엠인베스트먼트 모태자조합 제3호,,,12,,모태펀드,,,,23000000000
투자조합,신한벤처투자,신한벤처투자 모태자조합 제5호,,,12,,모태펀드,,,,63000000000
투자조합,캡스톤파트너스,캡스톤파트너스 모태자조합 제2호,,,12,,모태펀드,,,,50000000000
투자조합,아주아이비투자,아주아이비투자 모태자조합 제4호,,,12,,모태펀드,,,,40000000000
투자조합,엘비인베스트먼트,엘비인베스트먼트 모태자조합 제7호,,,12,,모태펀드,,,,33000000000
투자조합,에이티넘인베스트먼트,에이티넘인베스트먼트 모태자조합 제5호,,,12,,모태펀드,,,,20000000000
투자조합,유티씨인베스트먼트,유티씨인베스트먼트 모태자조합 제2호,,,12,,모태펀드,,,,20000000000
투자조합,한국투자파트너스,한국투자파트너스 모태자조합 제6호,,,12,,모태펀드,,,,75000000000
투자조합,우리벤처파트너스,우리벤처파트너스 모태자조합 제1호,,,12,,모태펀드,,,,30000000000
투자조합,엘비인베스트먼트,엘비인베스트먼트 모태자조합 제8호,,,12,,모태펀드,,,,71500000000
투자조합,파트너스인베스트먼트,파트너스인베스트먼트 모태자조합 제4호,,,12,,모태펀드,,,,30000000000
투자조합,서울투자파트너스,서울투자파트너스 모태자조합 제1호,,,12,,모태펀드,,,,16000000000
투자조합,우리기술투자,우리기술투자 모태자조합 제2호,,,12,,모태펀드,,,,10000000000
투자조합,마이벤처파트너스,마이벤처파트너스 모태자조합 제3호,,,12,,모태펀드,,,,10000000000
투자조합,지앤텍벤처투자,지앤텍벤처투자 모태자조합 제1호,,,12,,모태펀드,,,,10000000000
투자조합,코오롱인베스트먼트,코오롱인베스트먼트 모태자조합 제3호,,,12,,모태펀드,,,,20000000000
투자조합,미래에셋벤처투자,미래에셋벤처투자 모태자조합 제1호,,,12,,모태펀드,,,,4200000000
투자조합,캐피탈원,캐피탈원 모태자조합 제1호,,,12,,모태펀드,,,,12000000000
투자조합,일신창업투자,일신창업투자 모태자조합 제5호,,,12,,모태펀드,,,,30500000000
투자조합,대성창업투자,대성창업투자 모태자조합 제8호,,,12,,모태펀드,,,,19500000000
투자조합,미시간벤처캐피탈,미시간벤처캐피탈 모태자조합 제5호,,,12,,모태펀드,,,,10000000000
투자조합,에스유앤피,에스유앤피 모태자조합 제6호,,,12,,모태펀드,,,,37619000000
투자조합,투썬인베스트,투썬인베스트 모태자조합 제1호,,,12,,모태펀드,,,,20000000000
투자조합,티에스인베스트먼트,티에스인베스트먼트 모태자조합 제2호,,,12,,모태펀드,,,,16600000000
투자조합,이노폴리스파트너스,이노폴리스파트너스 모태자조합 제2호,,,12,,모태펀드,,,,30000000000
투자조합,유니온투자파트너스,유니온투자파트너스 모태자조합 제4호,,,12,,모태펀드,,,,123640000000
투자조합,지온인베스트먼트,지온인베스트먼트 모태자조합 제2호,,,12,,모태펀드,,,,14000000000
투자조합,보광인베스트먼트,보광인베스트먼트 모태자조합 제2호,,,12,,모태펀드,,,,8313000000
투자조합,씨제이인베스트먼트,씨제이인베스트먼트 모태자조합 제4호,,,12,,모태펀드,,,,20000000000
투자조합,이수창업투자,이수창업투자 모태자조합 제4호,,,12,,모태펀드,,,,10000000000
투자조합,인터베스트,인터베스트 모태자조합 제4호,,,12,,모태펀드,,,,110000000000
투자조합,린드먼아시아인베스트먼트,린드먼아시아인베스트먼트 모태자조합 제3호,,,12,,모태펀드,,,,100000000000
투자조합,한국벤처투자,한국벤처투자 모태자조합 제2호,,,12,,모태펀드,,,,107000000000
투자조합,유안타인베스트먼트,유안타인베스트먼트 모태자조합 제5호,,,12,,모태펀드,,,,38000000000
투자조합,아이엠엠인베스트먼트,아이엠엠인베스트먼트 모태자조합 제4호,,,12,,모태펀드,,,,50000000000
투자조합,한화투자증권,한화투자증권 모태자조합 제6호,,,12,,모태펀드,,,,47500000000
투자조합,스틱벤처스,스틱벤처스 모태자조합 제5호,,,12,,모태펀드,,,,138500000000
투자조합,에스비브이에이,에스비브이에이 모태자조합 제2호,,,12,,모태펀드,,,,87500000000
투자조합,에스엘인베스트먼트,에스엘인베스트먼트 모태자조합 제5호,,,12,,모태펀드,,,,50000000000
투자조합,컴퍼니케이파트너스,컴퍼니케이파트너스 모태자조합 제5호,,,12,,모태펀드,,,,20000000000
투자조합,에이치비인베스트먼트,에이치비인베스트먼트 모태자조합 제6호,,,12,,모태펀드,,,,55000000000
투자조합,에이티넘인베스트먼트,에이티넘인베스트먼트 모태자조합 제6호,,,12,,모태펀드,,,,105720000000
투자조합,한국투자파트너스,한국투자파트너스 모태자조합 제7호,,,12,,모태펀드,,,,104800000000
투자조합,엘비인베스트먼트,엘비인베스트먼트 모태자조합 제9호,,,12,,모태펀드,,,,71600000000
투자조합,한국벤처투자,한국벤처투자 모태자조합 제3호,,,12,,모태펀드,,,,10000000000
투자조합,마젤란기술투자,마젤란기술투자 모태자조합 제1호,,,12,,모태펀드,,,,10000000000
투자조합,비에스케이인베스트먼트,비에스케이인베스트먼트 모태자조합 제2호,,,12,,모태펀드,,,,10000000000
투자조합,유니창업투자,유니창업투자 모태자조합 제1호,,,12,,모태펀드,,,,5760000000
투자조합,디에스씨인베스트먼트,디에스씨인베스트먼트 모태자조합 제1호,,,12,,모태펀드,,,,10000000000
투자조합,캡스톤파트너스,캡스톤파트너스 모태자조합 제3호,,,12,,모태펀드,,,,36000000000
투자조합,쿨리지코너인베스트먼트,쿨리지코너인베스트먼트 모태자조합 제1호,,,12,,모태펀드,,,,14500000000
투자조합,미래에셋벤처투자,미래에셋벤처투자 모태자조합 제2호,,,12,,모태펀드,,,,4000000000
투자조합,트루윈창업투자,트루윈창업투자 모태자조합 제2호,,,12,,모태펀드,,,,12000000000
투자조합,케이투인베스트먼트파트너스,케이투인베스트먼트파트너스 모태자조합 제1호,,,12,,모태펀드,,,,46500000000
투자조합,한국벤처투자,한국벤처투자 모태자조합 제4호,,,12,,모태펀드,,,,5000000000
투자조합,지온인베스트먼트,지온인베스트먼트 모태자조합 제3호,,,12,,모태펀드,,,,20000000000
투자조합,한국벤처투자,한국벤처투자 모태자조합 제5호,,,12,,모태펀드,,,,5000000000
투자조합,한국벤처투자,한국벤처투자 모태자조합 제6호,,,12,,모태펀드,,,,15250000000
투자조합,대교인베스트먼트,대교인베스트먼트 모태자조합 제1호,,,12,,모태펀드,,,,10000000000
투자조합,티에스인베스트먼트,티에스인베스트먼트 모태자조합 제3호,,,12,,모태펀드,,,,30000000000
투자조합,캐피탈원,캐피탈원 모태자조합 제2호,,,12,,모태펀드,,,,10000000000
투자조합,한국엔젤투자협회,한국엔젤투자협회 모태자조합 제1호,,,12,,모태펀드,,,,5000000000
투자조합,한국벤처투자,한국벤처투자 모태자조합 제7호,,,12,,모태펀드,,,,3000000000
투자조합,한국벤처투자,한국벤처투자 모태자조합 제8호,,,12,,모태펀드,,,,33000000000
투자조합,한국벤처투자,한국벤처투자 모태자조합 제9호,,,12,,모태펀드,,,,21000000000
투자조합,플래티넘기술투자,플래티넘기술투자 모태자조합 제3호,,,12,,모태펀드,,,,10000000000
투자조합,대덕인베스트먼트,대덕인베스트먼트 모태자조합 제1호,,,12,,모태펀드,,,,11100000000
투자조합,씨제이인베스트먼트,씨제이인베스트먼트 모태자조합 제5호,,,12,,모태펀드,,,,22500000000
투자조합,대성창업투자,대성창업투자 모태자조합 제9호,,,12,,모태펀드,,,,125000000000
투자조합,씨케이디창업투자,씨케이디창업투자 모태자조합 제3호,,,12,,모태펀드,,,,7500000000
투자조합,키움인베스트먼트,키움인베스트먼트 모태자조합 제5호,,,12,,모태펀드,,,,60000000000
투자조합,우리벤처파트너스,우리벤처파트너스 모태자조합 제2호,,,12,,모태펀드,,,,8000000000
투자조합,한국벤처투자,한국벤처투자 모태자조합 제10호,,,12,,모태펀드,,,,5000000000
투자조합,우리벤처파트너스,우리벤처파트너스 모태자조합 제3호,,,12,,모태펀드,,,,115000000000
투자조합,대성창업투자,대성창업투자 모태자조합 제10호,,,12,,모태펀드,,,,20000000000
투자조합,디에스씨인베스트먼트,디에스씨인베스트먼트 모태자조합 제2호,,,12,,모태펀드,,,,20000000000
투자조합,서울투자파트너스,서울투자파트너스 모태자조합 제2호,,,12,,모태펀드,,,,10000000000
투자조합,키움인베스트먼트,키움인베스트먼트 모태자조합 제6호,,,12,,모태펀드,,,,15500000000
투자조합,에스제이투자파트너스,에스제이투자파트너스 모태자조합 제1호,,,12,,모태펀드,,,,10000000000
투자조합,엘앤에스벤처캐피탈,엘앤에스벤처캐피탈 모태자조합 제2호,,,12,,모태펀드,,,,15000000000
투자조합,에스엘인베스트먼트,에스엘인베스트먼트 모태자조합 제6호,,,12,,모태펀드,,,,15000000000
투자조합,비에스케이인베스트먼트,비에스케이인베스트먼트 모태자조합 제3호,,,12,,모태펀드,,,,20000000000
투자조합,제이비인베스트먼트,제이비인베스트먼트 모태자조합 제1호,,,12,,모태펀드,,,,15000000000
투자조합,한국벤처투자,한국벤처투자 모태자조합 제11호,,,12,,모태펀드,,,,5000000000
투자조합,송현인베스트먼트,송현인베스트먼트 모태자조합 제1호,,,12,,모태펀드,,,,30000000000
투자조합,센트럴투자파트너스,센트럴투자파트너스 모태자조합 제1호,,,12,,모태펀드,,,,21000000000
투자조합,아이엠엠인베스트먼트,아이엠엠인베스트먼트 모태자조합 제5호,,,12,,모태펀드,,,,53000000000
투자조합,윈브릿지캐피탈,윈브릿지캐피탈 모태자조합 제3호,,,12,,모태펀드,,,,15000000000
투자조합,카카오벤처스,카카오벤처스 모태자조합 제1호,,,12,,모태펀드,,,,30000000000
투자조합,우리벤처파트너스,우리벤처파트너스 모태자조합 제4호,,,12,,모태펀드,,,,20000000000
투자조합,지앤텍벤처투자,지앤텍벤처투자 모태자조합 제2호,,,12,,모태펀드,,,,30000000000
투자조합,미래에셋벤처투자,미래에셋벤처투자 모태자조합 제3호,,,12,,모태펀드,,,,18000000000
투자조합,티에스인베스트먼트,티에스인베스트먼트 모태자조합 제4호,,,12,,모태펀드,,,,16000000000
투자조합,한국투자파트너스,한국투자파트너스 모태자조합 제8호,,,12,,모태펀드,,,,80000000000
투자조합,스마일게이트인베스트먼트,스마일게이트인베스트먼트 모태자조합 제4호,,,12,,모태펀드,,,,30000000000
투자조합,인터베스트,인터베스트 모태자조합 제5호,,,12,,모태펀드,,,,100000000000
투자조합,한국벤처투자,한국벤처투자 모태자조합 제12호,,,12,,모태펀드,,,,759955000000
투자조합,포스코기술투자,포스코기술투자 모태자조합 제2호,,,12,,모태펀드,,,,6000000000
투자조합,키움인베스트먼트,키움인베스트먼트 모태자조합 제7호,,,12,,모태펀드,,,,20000000000
투자조합,알바트로스인베스트먼트,알바트로스인베스트먼트 모태자조합 제2호,,,12,,모태펀드,,,,17000000000
투자조합,아주아이비투자,아주아이비투자 모태자조합 제5호,,,12,,모태펀드,,,,60000000000
투자조합,신한벤처투자,신한벤처투자 모태자조합 제6호,,,12,,모태펀드,,,,50000000000
투자조합,레오파트너스인베스트먼트,레오파트너스인베스트먼트 모태자조합 제3호,,,12,,모태펀드,,,,15500000000
투자조합,프리미어파트너스,프리미어파트너스 모태자조합 제4호,,,12,,모태펀드,,,,165500000000
투자조합,스마일게이트인베스트먼트,스마일게이트인베스트먼트 모태자조합 제5호,,,12,,모태펀드,,,,18100000000
투자조합,플래티넘기술투자,플래티넘기술투자 모태자조합 제4호,,,12,,모태펀드,,,,25000000000
투자조합,한국벤처투자,한국벤처투자 모태자조합 제13호,,,12,,모태펀드,,,,10000000000
투자조합,한국벤처투자,한국벤처투자 모태자조합 제14호,,,12,,모태펀드,,,,38000000000
투자조합,메디치인베스트먼트,메디치인베스트먼트 모태자조합 제1호,,,12,,모태펀드,,,,20000000000
투자조합,엘비인베스트먼트,엘비인베스트먼트 모태자조합 제10호,,,12,,모태펀드,,,,115900000000
투자조합,케이비인베스트먼트,케이비인베스트먼트 모태자조합 제2호,,,12,,모태펀드,,,,40000000000
투자조합,에이치비인베스트먼트,에이치비인베스트먼트 모태자조합 제7호,,,12,,모태펀드,,,,44000000000
투자조합,에스브이인베스트먼트,에스브이인베스트먼트 모태자조합 제4호,,,12,,모태펀드,,,,77500000000
투자조합,한국투자파트너스,한국투자파트너스 모태자조합 제9호,,,12,,모태펀드,,,,163500000000
투자조합,비엔에이치인베스트먼트,비엔에이치인베스트먼트 모태자조합 제1호,,,12,,모태펀드,,,,21400000000
투자조합,에이티넘인베스트먼트,에이티넘인베스트먼트 모태자조합 제7호,,,12,,모태펀드,,,,203000000000
투자조합,신한벤처투자,신한벤처투자 모태자조합 제7호,,,12,,모태펀드,,,,72000000000
투자조합,한빛인베스트먼트,한빛인베스트먼트 모태자조합 제1호,,,12,,모태펀드,,,,10000000000
투자조합,엘앤에스벤처캐피탈,엘앤에스벤처캐피탈 모태자조합 제3호,,,12,,모태펀드,,,,30000000000
투자조합,아이엠엠인베스트먼트,아이엠엠인베스트먼트 모태자조합 제6호,,,12,,모태펀드,,,,33500000000
투자조합,캡스톤파트너스,캡스톤파트너스 모태자조합 제4호,,,12,,모태펀드,,,,60000000000
투자조합,씨케이디창업투자,씨케이디창업투자 모태자조합 제4호,,,12,,모태펀드,,,,14500000000
투자조합,송현인베스트먼트,송현인베스트먼트 모태자조합 제2호,,,12,,모태펀드,,,,24000000000
투자조합,마젤란기술투자,마젤란기술투자 모태자조합 제2호,,,12,,모태펀드,,,,15000000000
투자조합,로이투자파트너스,로이투자파트너스 모태자조합 제1호,,,12,,모태펀드,,,,10000000000
투자조합,케이투인베스트먼트파트너스,케이투인베스트먼트파트너스 모태자조합 제2호,,,12,,모태펀드,,,,83000000000
투자조합,포스코기술투자,포스코기술투자 모태자조합 제3호,,,12,,모태펀드,,,,10000000000
투자조합,엘앤에스벤처캐피탈,엘앤에스벤처캐피탈 모태자조합 제4호,,,12,,모태펀드,,,,10000000000
투자조합,에스엘인베스트먼트,에스엘인베스트먼트 모태자조합 제7호,,,12,,모태펀드,,,,30000000000
투자조합,대교인베스트먼트,대교인베스트먼트 모태자조합 제2호,,,12,,모태펀드,,,,25000000000
투자조합,트루윈창업투자,트루윈창업투자 모태자조합 제3호,,,12,,모태펀드,,,,10500000000
투자조합,아이비케이캐피탈,아이비케이캐피탈 모태자조합 제3호,,,12,,모태펀드,,,,30000000000
투자조합,컴퍼니케이파트너스,컴퍼니케이파트너스 모태자조합 제6호,,,12,,모태펀드,,,,15000000000
투자조합,에스비아이인베스트먼트,에스비아이인베스트먼트 모태자조합 제3호,,,12,,모태펀드,,,,25300000000
투자조합,아주아이비투자,아주아이비투자 모태자조합 제6호,,,12,,모태펀드,,,,26000000000
투자조합,마이다스동아인베스트먼트,마이다스동아인베스트먼트 모태자조합 제1호,,,12,,모태펀드,,,,10000000000
투자조합,컴퍼니케이파트너스,컴퍼니케이파트너스 모태자조합 제7호,,,12,,모태펀드,,,,20000000000
투자조합,동문파트너즈,동문파트너즈 모태자조합 제2호,,,12,,모태펀드,,,,25300000000
투자조합,투썬인베스트,투썬인베스트 모태자조합 제2호,,,12,,모태펀드,,,,40000000000
투자조합,나우아이비캐피탈,나우아이비캐피탈 모태자조합 제2호,,,12,,모태펀드,,,,50000000000
투자조합,아이엠엠인베스트먼트,아이엠엠인베스트먼트 모태자조합 제7호,,,12,,모태펀드,,,,50000000000
투자조합,유티씨인베스트먼트,유티씨인베스트먼트 모태자조합 제3호,,,12,,모태펀드,,,,13000000000
투자조합,에스브이인베스트먼트,에스브이인베스트먼트 모태자조합 제5호,,,12,,모태펀드,,,,37400000000
투자조합,메디치인베스트먼트,메디치인베스트먼트 모태자조합 제2호,,,12,,모태펀드,,,,27000000000
투자조합,대성창업투자,대성창업투자 모태자조합 제11호,,,12,,모태펀드,,,,25000000000
투자조합,아주아이비투자,아주아이비투자 모태자조합 제7호,,,12,,모태펀드,,,,30000000000
투자조합,스마일게이트인베스트먼트,스마일게이트인베스트먼트 모태자조합 제6호,,,12,,모태펀드,,,,30000000000
투자조합,로그인베스트먼트,로그인베스트먼트 모태자조합 제1호,,,12,,모태펀드,,,,10000000000
투자조합,스틱벤처스,스틱벤처스 모태자조합 제6호,,,12,,모태펀드,,,,80000000000
투자조합,에스비아이인베스트먼트,에스비아이인베스트먼트 모태자조합 제4호,,,12,,모태펀드,,,,60000000000
투자조합,아이디벤처스,아이디벤처스 모태자조합 제1호,,,12,,모태펀드,,,,10000000000
투자조합,케이넷투자파트너스,케이넷투자파트너스 모태자조합 제2호,,,12,,모태펀드,,,,30000000000
투자조합,레오파트너스인베스트먼트,레오파트너스인베스트먼트 모태자조합 제4호,,,12,,모태펀드,,,,25300000000
투자조합,쿨리지코너인베스트먼트,쿨리지코너인베스트먼트 모태자조합 제2호,,,12,,모태펀드,,,,4000000000
투자조합,큐브벤처파트너스,큐브벤처파트너스 모태자조합 제2호,,,12,,모태펀드,,,,15000000000
투자조합,티에스인베스트먼트,티에스인베스트먼트 모태자조합 제5호,,,12,,모태펀드,,,,10000000000
투자조합,한국투자파트너스,한국투자파트너스 모태자조합 제10호,,,12,,모태펀드,,,,96000000000
투자조합,레오파트너스인베스트먼트,레오파트너스인베스트먼트 모태자조합 제5호,,,12,,모태펀드,,,,21800000000
투자조합,쿨리지코너인베스트먼트,쿨리지코너인베스트먼트 모태자조합 제3호,,,12,,모태펀드,,,,10000000000
투자조합,스마일게이트인베스트먼트,스마일게이트인베스트먼트 모태자조합 제7호,,,12,,모태펀드,,,,30000000000
투자조합,티지씨케이파트너스,티지씨케이파트너스 모태자조합 제1호,,,12,,모태펀드,,,,17000000000
투자조합,캡스톤파트너스,캡스톤파트너스 모태자조합 제5호,,,12,,모태펀드,,,,16920000000
투자조합,에스유앤피,에스유앤피 모태자조합 제7호,,,12,,모태펀드,,,,60000000000
투자조합,에스비브이에이,에스비브이에이 모태자조합 제3호,,,12,,모태펀드,,,,120000000000
투자조합,아이디벤처스,아이디벤처스 모태자조합 제2호,,,12,,모태펀드,,,,56000000000
투자조합,케이비인베스트먼트,케이비인베스트먼트 모태자조합 제3호,,,12,,모태펀드,,,,50000000000
투자조합,로이투자파트너스,로이투자파트너스 모태자조합 제2호,,,12,,모태펀드,,,,26300000000
투자조합,뉴레이크얼라이언스매니지먼트,뉴레이크얼라이언스매니지먼트 모태자조합 제1호,,,12,,모태펀드,,,,50005000000
투자조합,투썬인베스트,투썬인베스트 모태자조합 제3호,,,12,,모태펀드,,,,5600000000
투자조합,메이플투자파트너스,메이플투자파트너스 모태자조합 제2호,,,12,,모태펀드,,,,14990000000
투자조합,한국벤처투자,한국벤처투자 모태자조합 제15호,,,12,,모태펀드,,,,32000000000
투자조합,에스비아이인베스트먼트,에스비아이인베스트먼트 모태자조합 제5호,,,12,,모태펀드,,,,50000000000
투자조합,솔리더스인베스트먼트,솔리더스인베스트먼트 모태자조합 제1호,,,12,,모태펀드,,,,30000000000
투자조합,에스엘인베스트먼트,에스엘인베스트먼트 모태자조합 제8호,,,12,,모태펀드,,,,10000000000
투자조합,비엔케이벤처투자,비엔케이벤처투자 모태자조합 제2호,,,12,,모태펀드,,,,30000000000
투자조합,스톤브릿지벤처스,스톤브릿지벤처스 모태자조합 제5호,,,12,,모태펀드,,,,25000000000
투자조합,에스비브이에이,에스비브이에이 모태자조합 제4호,,,12,,모태펀드,,,,27000000000
투자조합,키움인베스트먼트,키움인베스트먼트 모태자조합 제8호,,,12,,모태펀드,,,,45000000000
투자조합,코오롱인베스트먼트,코오롱인베스트먼트 모태자조합 제4호,,,12,,모태펀드,,,,40000000000
투자조합,티에스인베스트먼트,티에스인베스트먼트 모태자조합 제6호,,,12,,모태펀드,,,,45300000000
투자조합,포스코기술투자,포스코기술투자 모태자조합 제4호,,,12,,모태펀드,,,,30000000000
투자조합,지온인베스트먼트,지온인베스트먼트 모태자조합 제4호,,,12,,모태펀드,,,,30000000000
투자조합,대교인베스트먼트,대교인베스트먼트 모태자조합 제3호,,,12,,모태펀드,,,,13000000000
투자조합,현대기술투자,현대기술투자 모태자조합 제2호,,,12,,모태펀드,,,,20000000000
투자조합,마그나인베스트먼트,마그나인베스트먼트 모태자조합 제1호,,,12,,모태펀드,,,,16000000000
투자조합,미래에셋벤처투자,미래에셋벤처투자 모태자조합 제4호,,,12,,모태펀드,,,,40000000000
투자조합,유안타인베스트먼트,유안타인베스트먼트 모태자조합 제6호,,,12,,모태펀드,,,,30000000000
투자조합,에스유앤피,에스유앤피 모태자조합 제8호,,,12,,모태펀드,,,,61000000000
투자조합,아주아이비투자,아주아이비투자 모태자조합 제8호,,,12,,모태펀드,,,,50000000000
투자조합,스마일게이트인베스트먼트,스마일게이트인베스트먼트 모태자조합 제8호,,,12,,모태펀드,,,,58000000000
투자조합,비케이인베스트먼트,비케이인베스트먼트 모태자조합 제2호,,,12,,모태펀드,,,,10000000000
투자조합,로이투자파트너스,로이투자파트너스 모태자조합 제3호,,,12,,모태펀드,,,,14475000000
투자조합,서울투자파트너스,서울투자파트너스 모태자조합 제3호,,,12,,모태펀드,,,,10000000000
투자조합,비에스케이인베스트먼트,비에스케이인베스트먼트 모태자조합 제4호,,,12,,모태펀드,,,,10000000000
투자조합,보광인베스트먼트,보광인베스트먼트 모태자조합 제3호,,,12,,모태펀드,,,,15000000000
투자조합,제이앤티인베스트먼트,제이앤티인베스트먼트 모태자조합 제1호,,,12,,모태펀드,,,,15000000000
투자조합,에스제이투자파트너스,에스제이투자파트너스 모태자조합 제2호,,,12,,모태펀드,,,,22000000000
투자조합,보광인베스트먼트,보광인베스트먼트 모태자조합 제4호,,,12,,모태펀드,,,,17000000000
투자조합,유티씨인베스트먼트,유티씨인베스트먼트 모태자조합 제4호,,,12,,모태펀드,,,,21500000000
투자조합,디에스씨인베스트먼트,디에스씨인베스트먼트 모태자조합 제3호,,,12,,모태펀드,,,,35000000000
투자조합,엘앤에스벤처캐피탈,엘앤에스벤처캐피탈 모태자조합 제5호,,,12,,모태펀드,,,,52500000000
투자조합,디에스씨인베스트먼트,디에스씨인베스트먼트 모태자조합 제4호,,,12,,모태펀드,,,,25000000000
투자조합,엘비인베스트먼트,엘비인베스트먼트 모태자조합 제11호,,,12,,모태펀드,,,,10110000000
투자조합,디티앤인베스트먼트,디티앤인베스트먼트 모태자조합 제1호,,,12,,모태펀드,,,,22780000000
투자조합,센트럴투자파트너스,센트럴투자파트너스 모태자조합 제2호,,,12,,모태펀드,,,,40000000000
투자조합,린드먼아시아인베스트먼트,린드먼아시아인베스트먼트 모태자조합 제4호,,,12,,모태펀드,,,,75800000000
투자조합,아이디벤처스,아이디벤처스 모태자조합 제3호,,,12,,모태펀드,,,,15000000000
투자조합,이에스인베스터,이에스인베스터 모태자조합 제1호,,,12,,모태펀드,,,,16300000000
투자조합,인터베스트,인터베스트 모태자조합 제6호,,,12,,모태펀드,,,,46500000000
투자조합,유니온투자파트너스,유니온투자파트너스 모태자조합 제5호,,,12,,모태펀드,,,,24000000000
투자조합,씨제이인베스트먼트,씨제이인베스트먼트 모태자조합 제6호,,,12,,모태펀드,,,,14500000000
투자조합,미시간벤처캐피탈,미시간벤처캐피탈 모태자조합 제6호,,,12,,모태펀드,,,,28000000000
투자조합,쿨리지코너인베스트먼트,쿨리지코너인베스트먼트 모태자조합 제4호,,,12,,모태펀드,,,,10000000000
투자조합,에스브이인베스트먼트,에스브이인베스트먼트 모태자조합 제6호,,,12,,모태펀드,,,,46000000000
투자조합,비에스케이인베스트먼트,비에스케이인베스트먼트 모태자조합 제5호,,,12,,모태펀드,,,,20000000000
투자조합,현대기술투자,현대기술투자 모태자조합 제3호,,,12,,모태펀드,,,,16100000000
투자조합,한국벤처투자,한국벤처투자 모태자조합 제16호,,,12,,모태펀드,,,,52500000000
투자조합,키움인베스트먼트,키움인베스트먼트 모태자조합 제9호,,,12,,모태펀드,,,,41000000000
투자조합,한국엔젤투자협회,한국엔젤투자협회 모태자조합 제2호,,,12,,모태펀드,,,,5000000000
투자조합,케이비인베스트먼트,케이비인베스트먼트 모태자조합 제4호,,,12,,모태펀드,,,,150000000000
투자조합,코나벤처파트너스,코나벤처파트너스 모태자조합 제1호,,,12,,모태펀드,,,,20305000000
투자조합,동훈인베스트먼트,동훈인베스트먼트 모태자조합 제3호,,,12,,모태펀드,,,,10000000000
투자조합,케이넷투자파트너스,케이넷투자파트너스 모태자조합 제3호,,,12,,모태펀드,,,,30000000000
투자조합,보광인베스트먼트,보광인베스트먼트 모태자조합 제5호,,,12,,모태펀드,,,,10000000000
투자조합,신한벤처투자,신한벤처투자 모태자조합 제8호,,,12,,모태펀드,,,,60000000000
투자조합,티에스인베스트먼트,티에스인베스트먼트 모태자조합 제7호,,,12,,모태펀드,,,,95000000000
투자조합,코오롱인베스트먼트,코오롱인베스트먼트 모태자조합 제5호,,,12,,모태펀드,,,,31000000000
투자조합,에이치비인베스트먼트,에이치비인베스트먼트 모태자조합 제8호,,,12,,모태펀드,,,,61500000000
투자조합,한국엔젤투자협회,한국엔젤투자협회 모태자조합 제3호,,,12,,모태펀드,,,,5000000000
투자조합,한국엔젤투자협회,한국엔젤투자협회 모태자조합 제4호,,,12,,모태펀드,,,,5000000000
투자조합,피앤아이인베스트먼트,피앤아이인베스트먼트 모태자조합 제1호,,,12,,모태펀드,,,,15000000000
투자조합,아이엠투자파트너스,아이엠투자파트너스 모태자조합 제1호,,,12,,모태펀드,,,,14500000000
투자조합,유니온투자파트너스,유니온투자파트너스 모태자조합 제6호,,,12,,모태펀드,,,,10000000000
투자조합,카카오벤처스,카카오벤처스 모태자조합 제2호,,,12,,모태펀드,,,,37100000000
투자조합,우리벤처파트너스,우리벤처파트너스 모태자조합 제5호,,,12,,모태펀드,,,,30000000000
투자조합,코오롱인베스트먼트,코오롱인베스트먼트 모태자조합 제6호,,,12,,모태펀드,,,,43000000000
투자조합,키움인베스트먼트,키움인베스트먼트 모태자조합 제10호,,,12,,모태펀드,,,,40000000000
투자조합,마그나인베스트먼트,마그나인베스트먼트 모태자조합 제2호,,,12,,모태펀드,,,,13000000000
투자조합,쿨리지코너인베스트먼트,쿨리지코너인베스트먼트 모태자조합 제5호,,,12,,모태펀드,,,,10000000000
투자조합,지앤텍벤처투자,지앤텍벤처투자 모태자조합 제3호,,,12,,모태펀드,,,,53000000000
투자조합,에이치비인베스트먼트,에이치비인베스트먼트 모태자조합 제9호,,,12,,모태펀드,,,,34000000000
투자조합,한국벤처투자,한국벤처투자 모태자조합 제17호,,,12,,모태펀드,,,,73959000000
투자조합,코오롱인베스트먼트,코오롱인베스트먼트 모태자조합 제7호,,,12,,모태펀드,,,,20000000000
투자조합,스마일게이트인베스트먼트,스마일게이트인베스트먼트 모태자조합 제9호,,,12,,모태펀드,,,,75000000000
투자조합,엘비인베스트먼트,엘비인베스트먼트 모태자조합 제12호,,,12,,모태펀드,,,,81500000000
투자조합,프리미어파트너스,프리미어파트너스 모태자조합 제5호,,,12,,모태펀드,,,,40000000000
투자조합,이노폴리스파트너스,이노폴리스파트너스 모태자조합 제3호,,,12,,모태펀드,,,,31100000000
투자조합,한국벤처투자,한국벤처투자 모태자조합 제18호,,,12,,모태펀드,,,,5000000000
투자조합,이수창업투자,이수창업투자 모태자조합 제5호,,,12,,모태펀드,,,,16000000000
투자조합,유티씨인베스트먼트,유티씨인베스트먼트 모태자조합 제5호,,,12,,모태펀드,,,,15000000000
투자조합,케이런벤처스,케이런벤처스 모태자조합 제1호,,,12,,모태펀드,,,,17000000000
투자조합,에버그린투자파트너스,에버그린투자파트너스 모태자조합 제1호,,,12,,모태펀드,,,,15200000000
투자조합,비전에쿼티파트너스,비전에쿼티파트너스 모태자조합 제1호,,,12,,모태펀드,,,,17000000000
투자조합,케이앤투자파트너스,케이앤투자파트너스 모태자조합 제1호,,,12,,모태펀드,,,,5100000000
투자조합,제이앤티인베스트먼트,제이앤티인베스트먼트 모태자조합 제2호,,,12,,모태펀드,,,,10000000000
투자조합,에스비아이인베스트먼트,에스비아이인베스트먼트 모태자조합 제6호,,,12,,모태펀드,,,,70000000000
투자조합,보광인베스트먼트,보광인베스트먼트 모태자조합 제6호,,,12,,모태펀드,,,,20000000000
투자조합,티지씨케이파트너스,티지씨케이파트너스 모태자조합 제2호,,,12,,모태펀드,,,,50000000000
투자조합,씨케이디창업투자,씨케이디창업투자 모태자조합 제5호,,,12,,모태펀드,,,,10000000000
투자조합,디티앤인베스트먼트,디티앤인베스트먼트 모태자조합 제2호,,,12,,모태펀드,,,,11500000000
투자조합,플래티넘기술투자,플래티넘기술투자 모태자조합 제5호,,,12,,모태펀드,,,,11100000000
투자조합,미래에셋벤처투자,미래에셋벤처투자 모태자조합 제5호,,,12,,모태펀드,,,,14000000000
투자조합,캡스톤파트너스,캡스톤파트너스 모태자조합 제6호,,,12,,모태펀드,,,,32850000000
투자조합,대덕벤처파트너스,대덕벤처파트너스 모태자조합 제1호,,,12,,모태펀드,,,,18800000000
투자조합,어니스트벤처스,어니스트벤처스 모태자조합 제1호,,,12,,모태펀드,,,,18000000000
투자조합,캐피탈원,캐피탈원 모태자조합 제3호,,,12,,모태펀드,,,,14500000000
투자조합,마젤란기술투자,마젤란기술투자 모태자조합 제3호,,,12,,모태펀드,,,,15000000000
투자조합,알바트로스인베스트먼트,알바트로스인베스트먼트 모태자조합 제3호,,,12,,모태펀드,,,,15000000000
투자조합,아이디벤처스,아이디벤처스 모태자조합 제4호,,,12,,모태펀드,,,,15000000000
투자조합,대성창업투자,대성창업투자 모태자조합 제12호,,,12,,모태펀드,,,,15000000000
투자조합,가이아벤처파트너스,가이아벤처파트너스 모태자조합 제1호,,,12,,모태펀드,,,,20420000000
투자조합,피앤아이인베스트먼트,피앤아이인베스트먼트 모태자조합 제2호,,,12,,모태펀드,,,,20100000000
투자조합,케이앤투자파트너스,케이앤투자파트너스 모태자조합 제2호,,,12,,모태펀드,,,,10000000000
투자조합,유티씨인베스트먼트,유티씨인베스트먼트 모태자조합 제6호,,,12,,모태펀드,,,,17000000000
투자조합,컴퍼니케이파트너스,컴퍼니케이파트너스 모태자조합 제8호,,,12,,모태펀드,,,,40000000000
투자조합,한국투자파트너스,한국투자파트너스 모태자조합 제11호,,,12,,모태펀드,,,,100000000000
투자조합,미래에셋벤처투자,미래에셋벤처투자 모태자조합 제6호,,,12,,모태펀드,,,,20000000000
투자조합,삼호그린인베스트먼트,삼호그린인베스트먼트 모태자조합 제2호,,,12,,모태펀드,,,,5000000000
투자조합,에이티넘인베스트먼트,에이티넘인베스트먼트 모태자조합 제8호,,,12,,모태펀드,,,,100000000000
투자조합,코나벤처파트너스,코나벤처파트너스 모태자조합 제2호,,,12,,모태펀드,,,,16000000000
투자조합,데브시스터즈벤처스,데브시스터즈벤처스 모태자조합 제1호,,,12,,모태펀드,,,,15000000000
투자조합,아이엠엠인베스트먼트,아이엠엠인베스트먼트 모태자조합 제8호,,,12,,모태펀드,,,,25300000000
투자조합,트랜스링크인베스트먼트,트랜스링크인베스트먼트 모태자조합 제1호,,,12,,모태펀드,,,,32870000000
투자조합,인터베스트,인터베스트 모태자조합 제7호,,,12,,모태펀드,,,,51460000000
투자조합,비케이인베스트먼트,비케이인베스트먼트 모태자조합 제3호,,,12,,모태펀드,,,,10000000000
투자조합,에스제이투자파트너스,에스제이투자파트너스 모태자조합 제3호,,,12,,모태펀드,,,,20000000000
투자조합,케이앤투자파트너스,케이앤투자파트너스 모태자조합 제3호,,,12,,모태펀드,,,,10000000000
투자조합,포스코기술투자,포스코기술투자 모태자조합 제5호,,,12,,모태펀드,,,,30000000000
투자조합,쿨리지코너인베스트먼트,쿨리지코너인베스트먼트 모태자조합 제6호,,,12,,모태펀드,,,,12000000000
투자조합,에스비아이인베스트먼트,에스비아이인베스트먼트 모태자조합 제7호,,,12,,모태펀드,,,,15010000000
투자조합,유니온투자파트너스,유니온투자파트너스 모태자조합 제7호,,,12,,모태펀드,,,,26000000000
투자조합,미시간벤처캐피탈,미시간벤처캐피탈 모태자조합 제7호,,,12,,모태펀드,,,,24000000000
투자조합,NBH캐피탈,NBH캐피탈 모태자조합 제1호,,,12,,모태펀드,,,,20000000000
투자조합,메디치인베스트먼트,메디치인베스트먼트 모태자조합 제3호,,,12,,모태펀드,,,,35000000000
투자조합,에스브이인베스트먼트,에스브이인베스트먼트 모태자조합 제7호,,,12,,모태펀드,,,,68100000000
투자조합,씨제이인베스트먼트,씨제이인베스트먼트 모태자조합 제7호,,,12,,모태펀드,,,,20100000000
투자조합,한국벤처투자,한국벤처투자 모태자조합 제19호,,,12,,모태펀드,,,,291876000000
투자조합,디티앤인베스트먼트,디티앤인베스트먼트 모태자조합 제3호,,,12,,모태펀드,,,,11315000000
투자조합,비비드인베스트먼트,비비드인베스트먼트 모태자조합 제1호,,,12,,모태펀드,,,,45000000000
투자조합,스마일게이트인베스트먼트,스마일게이트인베스트먼트 모태자조합 제10호,,,12,,모태펀드,,,,21300000000
투자조합,씨케이디창업투자,씨케이디창업투자 모태자조합 제6호,,,12,,모태펀드,,,,15000000000
투자조합,프리미어파트너스,프리미어파트너스 모태자조합 제6호,,,12,,모태펀드,,,,75000000000
투자조합,아이비케이캐피탈,아이비케이캐피탈 모태자조합 제4호,,,12,,모태펀드,,,,20000000000
투자조합,마그나인베스트먼트,마그나인베스트먼트 모태자조합 제3호,,,12,,모태펀드,,,,10000000000
투자조합,비케이인베스트먼트,비케이인베스트먼트 모태자조합 제4호,,,12,,모태펀드,,,,50000000000
투자조합,현대기술투자,현대기술투자 모태자조합 제4호,,,12,,모태펀드,,,,50000000000
투자조합,케이비인베스트먼트,케이비인베스트먼트 모태자조합 제5호,,,12,,모태펀드,,,,40000000000
투자조합,에스비브이에이,에스비브이에이 모태자조합 제5호,,,12,,모태펀드,,,,197300000000
투자조합,우리벤처파트너스,우리벤처파트너스 모태자조합 제6호,,,12,,모태펀드,,,,166000000000
투자조합,지앤텍벤처투자,지앤텍벤처투자 모태자조합 제4호,,,12,,모태펀드,,,,31000000000
투자조합,카카오벤처스,카카오벤처스 모태자조합 제3호,,,12,,모태펀드,,,,20000000000
투자조합,에스비브이에이,에스비브이에이 모태자조합 제6호,,,12,,모태펀드,,,,121000000000
투자조합,신한벤처투자,신한벤처투자 모태자조합 제9호,,,12,,모태펀드,,,,76000000000
투자조합,파트너스인베스트먼트,파트너스인베스트먼트 모태자조합 제5호,,,12,,모태펀드,,,,50000000000
투자조합,에이지인베스트먼트,에이지인베스트먼트 모태자조합 제1호,,,12,,모태펀드,,,,14250000000
투자조합,이노폴리스파트너스,이노폴리스파트너스 모태자조합 제4호,,,12,,모태펀드,,,,50100000000
투자조합,에스비아이인베스트먼트,에스비아이인베스트먼트 모태자조합 제8호,,,12,,모태펀드,,,,81000000000
투자조합,케이앤투자파트너스,케이앤투자파트너스 모태자조합 제4호,,,12,,모태펀드,,,,3000000000
투자조합,플래티넘기술투자,플래티넘기술투자 모태자조합 제6호,,,12,,모태펀드,,,,29000000000
투자조합,쿨리지코너인베스트먼트,쿨리지코너인베스트먼트 모태자조합 제7호,,,12,,모태펀드,,,,10000000000
투자조합,로이투자파트너스,로이투자파트너스 모태자조합 제4호,,,12,,모태펀드,,,,10000000000
투자조합,에버그린투자파트너스,에버그린투자파트너스 모태자조합 제2호,,,12,,모태펀드,,,,20000000000
투자조합,패스파인더에이치,패스파인더에이치 모태자조합 제1호,,,12,,모태펀드,,,,15000000000
투자조합,더웰스인베스트먼트,더웰스인베스트먼트 모태자조합 제1호,,,12,,모태펀드,,,,10000000000
투자조합,비에이파트너스,비에이파트너스 모태자조합 제1호,,,12,,모태펀드,,,,14000000000
투자조합,심본투자파트너스,심본투자파트너스 모태자조합 제1호,,,12,,모태펀드,,,,17500000000
투자조합,미래에셋벤처투자,미래에셋벤처투자 모태자조합 제7호,,,12,,모태펀드,,,,25000000000
투자조합,포스코기술투자,포스코기술투자 모태자조합 제6호,,,12,,모태펀드,,,,25200000000
투자조합,트랜스링크인베스트먼트,트랜스링크인베스트먼트 모태자조합 제2호,,,12,,모태펀드,,,,18700000000
투자조합,제이엑스파트너스,제이엑스파트너스 모태자조합 제1호,,,12,,모태펀드,,,,12500000000
투자조합,코메스인베스트먼트,코메스인베스트먼트 모태자조합 제1호,,,12,,모태펀드,,,,14500000000
투자조합,인터밸류파트너스,인터밸류파트너스 모태자조합 제1호,,,12,,모태펀드,,,,12500000000
투자조합,케이런벤처스,케이런벤처스 모태자조합 제2호,,,12,,모태펀드,,,,15000000000
투자조합,디티앤인베스트먼트,디티앤인베스트먼트 모태자조합 제4호,,,12,,모태펀드,,,,15000000000
투자조합,신한벤처투자,신한벤처투자 모태자조합 제10호,,,12,,모태펀드,,,,34000000000
투자조합,린드먼아시아인베스트먼트,린드먼아시아인베스트먼트 모태자조합 제5호,,,12,,모태펀드,,,,40000000000
투자조합,유티씨인베스트먼트,유티씨인베스트먼트 모태자조합 제7호,,,12,,모태펀드,,,,15000000000
투자조합,비에스케이인베스트먼트,비에스케이인베스트먼트 모태자조합 제6호,,,12,,모태펀드,,,,15000000000
투자조합,지온인베스트먼트,지온인베스트먼트 모태자조합 제5호,,,12,,모태펀드,,,,12000000000
투자조합,아이디벤처스,아이디벤처스 모태자조합 제5호,,,12,,모태펀드,,,,42200000000
투자조합,유니온투자파트너스,유니온투자파트너스 모태자조합 제8호,,,12,,모태펀드,,,,15600000000
투자조합,이에스인베스터,이에스인베스터 모태자조합 제2호,,,12,,모태펀드,,,,12000000000
투자조합,이수창업투자,이수창업투자 모태자조합 제6호,,,12,,모태펀드,,,,24000000000
투자조합,캐피탈원,캐피탈원 모태자조합 제4호,,,12,,모태펀드,,,,24000000000
투자조합,보광인베스트먼트,보광인베스트먼트 모태자조합 제7호,,,12,,모태펀드,,,,12000000000
투자조합,송현인베스트먼트,송현인베스트먼트 모태자조합 제3호,,,12,,모태펀드,,,,30000000000
투자조합,시너지아이비투자,시너지아이비투자 모태자조합 제1호,,,12,,모태펀드,,,,3000000000
투자조합,에스브이인베스트먼트,에스브이인베스트먼트 모태자조합 제8호,,,12,,모태펀드,,,,53000000000
투자조합,케이앤투자파트너스,케이앤투자파트너스 모태자조합 제5호,,,12,,모태펀드,,,,20000000000
투자조합,에스엘인베스트먼트,에스엘인베스트먼트 모태자조합 제9호,,,12,,모태펀드,,,,96000000000
투자조합,서울투자파트너스,서울투자파트너스 모태자조합 제4호,,,12,,모태펀드,,,,50000000000
투자조합,전남대학교기술지주회사,전남대학교기술지주회사 모태자조합 제1호,,,12,,모태펀드,,,,3850000000
투자조합,고려대학교기술지주,고려대학교기술지주 모태자조합 제1호,,,12,,모태펀드,,,,3000000000
투자조합,부산지역대학연합기술지주,부산지역대학연합기술지주 모태자조합 제1호,,,12,,모태펀드,,,,3000000000
투자조합,서울대학교기술지주,서울대학교기술지주 모태자조합 제1호,,,12,,모태펀드,,,,6000000000
투자조합,연세대학교기술지주,연세대학교기술지주 모태자조합 제1호,,,12,,모태펀드,,,,3000000000
투자조합,스마일게이트인베스트먼트,스마일게이트인베스트먼트 모태자조합 제11호,,,12,,모태펀드,,,,42000000000
투자조합,지유투자,지유투자 모태자조합 제1호,,,12,,모태펀드,,,,27300000000
투자조합,한국투자파트너스,한국투자파트너스 모태자조합 제12호,,,12,,모태펀드,,,,71000000000
투자조합,쏠레어파트너스,쏠레어파트너스 모태자조합 제1호,,,12,,모태펀드,,,,7000000000
투자조합,에쓰비인베스트먼트,에쓰비인베스트먼트 모태자조합 제1호,,,12,,모태펀드,,,,13300000000
투자조합,일신창업투자,일신창업투자 모태자조합 제6호,,,12,,모태펀드,,,,15100000000
투자조합,가이아벤처파트너스,가이아벤처파트너스 모태자조합 제2호,,,12,,모태펀드,,,,10320000000
투자조합,케이비인베스트먼트,케이비인베스트먼트 모태자조합 제6호,,,12,,모태펀드,,,,25000000000
투자조합,에스제이투자파트너스,에스제이투자파트너스 모태자조합 제4호,,,12,,모태펀드,,,,27000000000
투자조합,케이넷투자파트너스,케이넷투자파트너스 모태자조합 제4호,,,12,,모태펀드,,,,50000000000
투자조합,수인베스트먼트캐피탈,수인베스트먼트캐피탈 모태자조합 제1호,,,12,,모태펀드,,,,27500000000
투자조합,알바트로스인베스트먼트,알바트로스인베스트먼트 모태자조합 제4호,,,12,,모태펀드,,,,29001000000
투자조합,에이치비인베스트먼트,에이치비인베스트먼트 모태자조합 제10호,,,12,,모태펀드,,,,75000000000
투자조합,제이엑스파트너스,제이엑스파트너스 모태자조합 제2호,,,12,,모태펀드,,,,12500000000
투자조합,에이지인베스트먼트,에이지인베스트먼트 모태자조합 제2호,,,12,,모태펀드,,,,30500000000
투자조합,인라이트벤처스,인라이트벤처스 모태자조합 제1호,,,12,,모태펀드,,,,16200000000
투자조합,현대기술투자,현대기술투자 모태자조합 제5호,,,12,,모태펀드,,,,60000000000
투자조합,데브시스터즈벤처스,데브시스터즈벤처스 모태자조합 제2호,,,12,,모태펀드,,,,15000000000
투자조합,유티씨인베스트먼트,유티씨인베스트먼트 모태자조합 제8호,,,12,,모태펀드,,,,24500000000
투자조합,엘앤에스벤처캐피탈,엘앤에스벤처캐피탈 모태자조합 제6호,,,12,,모태펀드,,,,10000000000
투자조합,트랜스링크인베스트먼트,트랜스링크인베스트먼트 모태자조합 제3호,,,12,,모태펀드,,,,35000000000
투자조합,미시간벤처캐피탈,미시간벤처캐피탈 모태자조합 제8호,,,12,,모태펀드,,,,25000000000
투자조합,스톤브릿지벤처스,스톤브릿지벤처스 모태자조합 제6호,,,12,,모태펀드,,,,42500000000
투자조합,디에스씨인베스트먼트,디에스씨인베스트먼트 모태자조합 제5호,,,12,,모태펀드,,,,50000000000
투자조합,대성창업투자,대성창업투자 모태자조합 제13호,,,12,,모태펀드,,,,15000000000
투자조합,메이플투자파트너스,메이플투자파트너스 모태자조합 제3호,,,12,,모태펀드,,,,12500000000
투자조합,미래에셋벤처투자,미래에셋벤처투자 모태자조합 제8호,,,12,,모태펀드,,,,25000000000
투자조합,케이비인베스트먼트,케이비인베스트먼트 모태자조합 제7호,,,12,,모태펀드,,,,30000000000
투자조합,레오파트너스인베스트먼트,레오파트너스인베스트먼트 모태자조합 제6호,,,12,,모태펀드,,,,15500000000
투자조합,이에스인베스터,이에스인베스터 모태자조합 제3호,,,12,,모태펀드,,,,10100000000
투자조합,스틱벤처스,스틱벤처스 모태자조합 제7호,,,12,,모태펀드,,,,108300000000
투자조합,에이티넘인베스트먼트,에이티넘인베스트먼트 모태자조합 제9호,,,12,,모태펀드,,,,350000000000
투자조합,카카오벤처스,카카오벤처스 모태자조합 제4호,,,12,,모태펀드,,,,76000000000
투자조합,신한벤처투자,신한벤처투자 모태자조합 제11호,,,12,,모태펀드,,,,60000000000
투자조합,코오롱인베스트먼트,코오롱인베스트먼트 모태자조합 제8호,,,12,,모태펀드,,,,67000000000
투자조합,우리벤처파트너스,우리벤처파트너스 모태자조합 제7호,,,12,,모태펀드,,,,51000000000
투자조합,스마일게이트인베스트먼트,스마일게이트인베스트먼트 모태자조합 제12호,,,12,,모태펀드,,,,37100000000
투자조합,포스코기술투자,포스코기술투자 모태자조합 제7호,,,12,,모태펀드,,,,21000000000
투자조합,엘에스케이인베스트먼트,엘에스케이인베스트먼트 모태자조합 제1호,,,12,,모태펀드,,,,20000000000
투자조합,에쓰비인베스트먼트,에쓰비인베스트먼트 모태자조합 제2호,,,12,,모태펀드,,,,10000000000
투자조합,인터베스트,인터베스트 모태자조합 제8호,,,12,,모태펀드,,,,110000000000
투자조합,비에스케이인베스트먼트,비에스케이인베스트먼트 모태자조합 제7호,,,12,,모태펀드,,,,30000000000
투자조합,티에스인베스트먼트,티에스인베스트먼트 모태자조합 제8호,,,12,,모태펀드,,,,78000000000
투자조합,가이아벤처파트너스,가이아벤처파트너스 모태자조합 제3호,,,12,,모태펀드,,,,20000000000
투자조합,패스파인더에이치,패스파인더에이치 모태자조합 제2호,,,12,,모태펀드,,,,20000000000
투자조합,심본투자파트너스,심본투자파트너스 모태자조합 제2호,,,12,,모태펀드,,,,20000000000
투자조합,케이클라비스인베스트먼트,케이클라비스인베스트먼트 모태자조합 제1호,,,12,,모태펀드,,,,20000000000
투자조합,지온인베스트먼트,지온인베스트먼트 모태자조합 제6호,,,12,,모태펀드,,,,20000000000
투자조합,에스제이투자파트너스,에스제이투자파트너스 모태자조합 제5호,,,12,,모태펀드,,,,37500000000
투자조합,마그나인베스트먼트,마그나인베스트먼트 모태자조합 제4호,,,12,,모태펀드,,,,37500000000
투자조합,동문파트너즈,동문파트너즈 모태자조합 제3호,,,12,,모태펀드,,,,20000000000
투자조합,제이비인베스트먼트,제이비인베스트먼트 모태자조합 제2호,,,12,,모태펀드,,,,20000000000
투자조합,케이앤투자파트너스,케이앤투자파트너스 모태자조합 제6호,,,12,,모태펀드,,,,37500000000
투자조합,케이브릿지인베스트먼트,케이브릿지인베스트먼트 모태자조합 제1호,,,12,,모태펀드,,,,10000000000
투자조합,대덕벤처파트너스,대덕벤처파트너스 모태자조합 제2호,,,12,,모태펀드,,,,13000000000
투자조합,라이트하우스컴바인인베스트,라이트하우스컴바인인베스트 모태자조합 제1호,,,12,,모태펀드,,,,12000000000
투자조합,시너지아이비투자,시너지아이비투자 모태자조합 제2호,,,12,,모태펀드,,,,18000000000
투자조합,대덕벤처파트너스,대덕벤처파트너스 모태자조합 제3호,,,12,,모태펀드,,,,15000000000
투자조합,센트럴투자파트너스,센트럴투자파트너스 모태자조합 제3호,,,12,,모태펀드,,,,17000000000
투자조합,송현인베스트먼트,송현인베스트먼트 모태자조합 제4호,,,12,,모태펀드,,,,93000000000
투자조합,레오파트너스인베스트먼트,레오파트너스인베스트먼트 모태자조합 제7호,,,12,,모태펀드,,,,15100000000
투자조합,코리아에셋투자증권,코리아에셋투자증권 모태자조합 제1호,,,12,,모태펀드,,,,20000000000
투자조합,엘앤에스벤처캐피탈,엘앤에스벤처캐피탈 모태자조합 제7호,,,12,,모태펀드,,,,60000000000
투자조합,엘비인베스트먼트,엘비인베스트먼트 모태자조합 제13호,,,12,,모태펀드,,,,54000000000
투자조합,한국투자파트너스,한국투자파트너스 모태자조합 제13호,,,12,,모태펀드,,,,285000000000
투자조합,엘비인베스트먼트,엘비인베스트먼트 모태자조합 제14호,,,12,,모태펀드,,,,145600000000
투자조합,이수창업투자,이수창업투자 모태자조합 제7호,,,12,,모태펀드,,,,14000000000
투자조합,나우아이비캐피탈,나우아이비캐피탈 모태자조합 제3호,,,12,,모태펀드,,,,40000000000
투자조합,캐피탈원,캐피탈원 모태자조합 제5호,,,12,,모태펀드,,,,20000000000
투자조합,인터밸류파트너스,인터밸류파트너스 모태자조합 제2호,,,12,,모태펀드,,,,20000000000
투자조합,컴퍼니케이파트너스,컴퍼니케이파트너스 모태자조합 제9호,,,12,,모태펀드,,,,33000000000
투자조합,마젤란기술투자,마젤란기술투자 모태자조합 제4호,,,12,,모태펀드,,,,15000000000
투자조합,씨케이디창업투자,씨케이디창업투자 모태자조합 제7호,,,12,,모태펀드,,,,30000000000
투자조합,삼호그린인베스트먼트,삼호그린인베스트먼트 모태자조합 제3호,,,12,,모태펀드,,,,30000000000
투자조합,어니스트벤처스,어니스트벤처스 모태자조합 제2호,,,12,,모태펀드,,,,20710000000
투자조합,디티앤인베스트먼트,디티앤인베스트먼트 모태자조합 제5호,,,12,,모태펀드,,,,58830000000
투자조합,비에스케이인베스트먼트,비에스케이인베스트먼트 모태자조합 제8호,,,12,,모태펀드,,,,20000000000
투자조합,마그나인베스트먼트,마그나인베스트먼트 모태자조합 제5호,,,12,,모태펀드,,,,32000000000
투자조합,코나인베스트먼트,코나인베스트먼트 모태자조합 제1호,,,12,,모태펀드,,,,16600000000
투자조합,뮤렉스파트너스,뮤렉스파트너스 모태자조합 제1호,,,12,,모태펀드,,,,38700000000
투자조합,티에스인베스트먼트,티에스인베스트먼트 모태자조합 제9호,,,12,,모태펀드,,,,141434000000
투자조합,메디치인베스트먼트,메디치인베스트먼트 모태자조합 제4호,,,12,,모태펀드,,,,78500000000
투자조합,케이비인베스트먼트,케이비인베스트먼트 모태자조합 제8호,,,12,,모태펀드,,,,136000000000
투자조합,보광인베스트먼트,보광인베스트먼트 모태자조합 제8호,,,12,,모태펀드,,,,10000000000
투자조합,플래티넘기술투자,플래티넘기술투자 모태자조합 제7호,,,12,,모태펀드,,,,62500000000
투자조합,포스코기술투자,포스코기술투자 모태자조합 제8호,,,12,,모태펀드,,,,73350000000
투자조합,인사이트에퀴티파트너스,인사이트에퀴티파트너스 모태자조합 제1호,,,12,,모태펀드,,,,21300000000
투자조합,코메스인베스트먼트,코메스인베스트먼트 모태자조합 제2호,,,12,,모태펀드,,,,10000000000
투자조합,인비저닝파트너스,인비저닝파트너스 모태자조합 제1호,,,12,,모태펀드,,,,20200000000
투자조합,디쓰리쥬빌리파트너스,디쓰리쥬빌리파트너스 모태자조합 제1호,,,12,,모태펀드,,,,15000000000
투자조합,어센도벤처스,어센도벤처스 모태자조합 제1호,,,12,,모태펀드,,,,23250000000
투자조합,델타인베스트먼트,델타인베스트먼트 모태자조합 제1호,,,12,,모태펀드,,,,10000000000
투자조합,대교인베스트먼트,대교인베스트먼트 모태자조합 제4호,,,12,,모태펀드,,,,31000000000
투자조합,우리벤처파트너스,우리벤처파트너스 모태자조합 제8호,,,12,,모태펀드,,,,30000000000
투자조합,대성창업투자,대성창업투자 모태자조합 제14호,,,12,,모태펀드,,,,30100000000
투자조합,유니온투자파트너스,유니온투자파트너스 모태자조합 제9호,,,12,,모태펀드,,,,25000000000
투자조합,캐피탈원,캐피탈원 모태자조합 제6호,,,12,,모태펀드,,,,10010000000
투자조합,더웰스인베스트먼트,더웰스인베스트먼트 모태자조합 제2호,,,12,,모태펀드,,,,20000000000
투자조합,시너지아이비투자,시너지아이비투자 모태자조합 제3호,,,12,,모태펀드,,,,30000000000
투자조합,이수창업투자,이수창업투자 모태자조합 제8호,,,12,,모태펀드,,,,17000000000
투자조합,포스코기술투자,포스코기술투자 모태자조합 제9호,,,12,,모태펀드,,,,10800000000
투자조합,인라이트벤처스,인라이트벤처스 모태자조합 제2호,,,12,,모태펀드,,,,15000000000
투자조합,포항공과대학교기술지주,포항공과대학교기술지주 모태자조합 제1호,,,12,,모태펀드,,,,5000000000
투자조합,한양대학교기술지주회사,한양대학교기술지주회사 모태자조합 제1호,,,12,,모태펀드,,,,2740000000
투자조합,미래과학기술지주,미래과학기술지주 모태자조합 제1호,,,12,,모태펀드,,,,6750000000
투자조합,부산대학교기술지주,부산대학교기술지주 모태자조합 제1호,,,12,,모태펀드,,,,3000000000
투자조합,서울대학교기술지주,서울대학교기술지주 모태자조합 제2호,,,12,,모태펀드,,,,4000000000
투자조합,부산지역대학연합기술지주,부산지역대학연합기술지주 모태자조합 제2호,,,12,,모태펀드,,,,4180000000
투자조합,대교인베스트먼트,대교인베스트먼트 모태자조합 제5호,,,12,,모태펀드,,,,12500000000
투자조합,뉴레이크얼라이언스매니지먼트,뉴레이크얼라이언스매니지먼트 모태자조합 제2호,,,12,,모태펀드,,,,80000000000
투자조합,현대기술투자,현대기술투자 모태자조합 제6호,,,12,,모태펀드,,,,14000000000
투자조합,아이엠엠인베스트먼트,아이엠엠인베스트먼트 모태자조합 제9호,,,12,,모태펀드,,,,113500000000
투자조합,프리미어파트너스,프리미어파트너스 모태자조합 제7호,,,12,,모태펀드,,,,63000000000
투자조합,한화투자증권,한화투자증권 모태자조합 제7호,,,12,,모태펀드,,,,30000000000
투자조합,미래에셋벤처투자,미래에셋벤처투자 모태자조합 제9호,,,12,,모태펀드,,,,20000000000
투자조합,쿨리지코너인베스트먼트,쿨리지코너인베스트먼트 모태자조합 제8호,,,12,,모태펀드,,,,19500000000
투자조합,로이투자파트너스,로이투자파트너스 모태자조합 제5호,,,12,,모태펀드,,,,14500000000
투자조합,미시간벤처캐피탈,미시간벤처캐피탈 모태자조합 제9호,,,12,,모태펀드,,,,12500000000
투자조합,아이디벤처스,아이디벤처스 모태자조합 제6호,,,12,,모태펀드,,,,11800000000
투자조합,케이비인베스트먼트,케이비인베스트먼트 모태자조합 제9호,,,12,,모태펀드,,,,40000000000
투자조합,유티씨인베스트먼트,유티씨인베스트먼트 모태자조합 제9호,,,12,,모태펀드,,,,100000000000
투자조합,신한벤처투자,신한벤처투자 모태자조합 제12호,,,12,,모태펀드,,,,50000000000
투자조합,동문파트너즈,동문파트너즈 모태자조합 제4호,,,12,,모태펀드,,,,30000000000
투자조합,디에이밸류인베스트먼트,디에이밸류인베스트먼트 모태자조합 제1호,,,12,,모태펀드,,,,15000000000
투자조합,원익투자파트너스,원익투자파트너스 모태자조합 제5호,,,12,,모태펀드,,,,40000000000
투자조합,데브시스터즈벤처스,데브시스터즈벤처스 모태자조합 제3호,,,12,,모태펀드,,,,10000000000
투자조합,이에스인베스터,이에스인베스터 모태자조합 제4호,,,12,,모태펀드,,,,10000000000
투자조합,에스제이투자파트너스,에스제이투자파트너스 모태자조합 제6호,,,12,,모태펀드,,,,18000000000
투자조합,비엔에이치인베스트먼트,비엔에이치인베스트먼트 모태자조합 제2호,,,12,,모태펀드,,,,49500000000
투자조합,퀀텀벤처스코리아,퀀텀벤처스코리아 모태자조합 제1호,,,12,,모태펀드,,,,21300000000
투자조합,이앤벤처파트너스,이앤벤처파트너스 모태자조합 제1호,,,12,,모태펀드,,,,20000000000
투자조합,제이엑스파트너스,제이엑스파트너스 모태자조합 제3호,,,12,,모태펀드,,,,20000000000
투자조합,한국벤처투자,한국벤처투자 모태자조합 제20호,,,12,,모태펀드,,,,50600000000
투자조합,한국벤처투자,한국벤처투자 모태자조합 제21호,,,12,,모태펀드,,,,110000000000
투자조합,데브시스터즈벤처스,데브시스터즈벤처스 모태자조합 제4호,,,12,,모태펀드,,,,20000000000
투자조합,메이플투자파트너스,메이플투자파트너스 모태자조합 제4호,,,12,,모태펀드,,,,20500000000
투자조합,미시간벤처캐피탈,미시간벤처캐피탈 모태자조합 제10호,,,12,,모태펀드,,,,35000000000
투자조합,케이비인베스트먼트,케이비인베스트먼트 모태자조합 제10호,,,12,,모태펀드,,,,40000000000
투자조합,마그나인베스트먼트,마그나인베스트먼트 모태자조합 제6호,,,12,,모태펀드,,,,28000000000
투자조합,대성창업투자,대성창업투자 모태자조합 제15호,,,12,,모태펀드,,,,17000000000
투자조합,전북지역대학연합기술지주,전북지역대학연합기술지주 모태자조합 제1호,,,12,,모태펀드,,,,12500000000
투자조합,스마일게이트인베스트먼트,스마일게이트인베스트먼트 모태자조합 제13호,,,12,,모태펀드,,,,129000000000
투자조합,가이아벤처파트너스,가이아벤처파트너스 모태자조합 제4호,,,12,,모태펀드,,,,10010000000
투자조합,케이앤투자파트너스,케이앤투자파트너스 모태자조합 제7호,,,12,,모태펀드,,,,32500000000
투자조합,라구나인베스트먼트,라구나인베스트먼트 모태자조합 제1호,,,12,,모태펀드,,,,14000000000
투자조합,포스코기술투자,포스코기술투자 모태자조합 제10호,,,12,,모태펀드,,,,22000000000
투자조합,인터베스트,인터베스트 모태자조합 제9호,,,12,,모태펀드,,,,158500000000
투자조합,아이디어브릿지자산운용,아이디어브릿지자산운용 모태자조합 제1호,,,12,,모태펀드,,,,14700000000
투자조합,케이그라운드벤처스,케이그라운드벤처스 모태자조합 제1호,,,12,,모태펀드,,,,17910000000
투자조합,데일리파트너스,데일리파트너스 모태자조합 제1호,,,12,,모태펀드,,,,24700000000
투자조합,어니스트벤처스,어니스트벤처스 모태자조합 제3호,,,12,,모태펀드,,,,19000000000
투자조합,엘앤에스벤처캐피탈,엘앤에스벤처캐피탈 모태자조합 제8호,,,12,,모태펀드,,,,20500000000
투자조합,씨케이디창업투자,씨케이디창업투자 모태자조합 제8호,,,12,,모태펀드,,,,23500000000
투자조합,이노폴리스파트너스,이노폴리스파트너스 모태자조합 제5호,,,12,,모태펀드,,,,25600000000
투자조합,서울투자파트너스,서울투자파트너스 모태자조합 제5호,,,12,,모태펀드,,,,34000000000
투자조합,트랜스링크인베스트먼트,트랜스링크인베스트먼트 모태자조합 제4호,,,12,,모태펀드,,,,27250000000
투자조합,엘에스케이인베스트먼트,엘에스케이인베스트먼트 모태자조합 제2호,,,12,,모태펀드,,,,45000000000
투자조합,메디톡스벤처투자,메디톡스벤처투자 모태자조합 제1호,,,12,,모태펀드,,,,30000000000
투자조합,티인베스트먼트,티인베스트먼트 모태자조합 제1호,,,12,,모태펀드,,,,30000000000
투자조합,인터밸류파트너스,인터밸류파트너스 모태자조합 제3호,,,12,,모태펀드,,,,20000000000
투자조합,스퀘어벤처스,스퀘어벤처스 모태자조합 제1호,,,12,,모태펀드,,,,20510000000
투자조합,패스파인더에이치,패스파인더에이치 모태자조합 제3호,,,12,,모태펀드,,,,20000000000
투자조합,비에이파트너스,비에이파트너스 모태자조합 제2호,,,12,,모태펀드,,,,22000000000
투자조합,에이벤처스,에이벤처스 모태자조합 제1호,,,12,,모태펀드,,,,20000000000
투자조합,오픈워터인베스트먼트,오픈워터인베스트먼트 모태자조합 제1호,,,12,,모태펀드,,,,15000000000
투자조합,동훈인베스트먼트,동훈인베스트먼트 모태자조합 제4호,,,12,,모태펀드,,,,15000000000
투자조합,스톤브릿지벤처스,스톤브릿지벤처스 모태자조합 제7호,,,12,,모태펀드,,,,126500000000
투자조합,린드먼아시아인베스트먼트,린드먼아시아인베스트먼트 모태자조합 제6호,,,12,,모태펀드,,,,50100000000
투자조합,에스비아이인베스트먼트,에스비아이인베스트먼트 모태자조합 제9호,,,12,,모태펀드,,,,53000000000
투자조합,제이비인베스트먼트,제이비인베스트먼트 모태자조합 제3호,,,12,,모태펀드,,,,50000000000
투자조합,에이치비인베스트먼트,에이치비인베스트먼트 모태자조합 제11호,,,12,,모태펀드,,,,40000000000
투자조합,코리아에셋투자증권,코리아에셋투자증권 모태자조합 제2호,,,12,,모태펀드,,,,30000000000
투자조합,이앤벤처파트너스,이앤벤처파트너스 모태자조합 제2호,,,12,,모태펀드,,,,20000000000
투자조합,마그나인베스트먼트,마그나인베스트먼트 모태자조합 제7호,,,12,,모태펀드,,,,25000000000
투자조합,케이비인베스트먼트,케이비인베스트먼트 모태자조합 제11호,,,12,,모태펀드,,,,15000000000
투자조합,대성창업투자,대성창업투자 모태자조합 제16호,,,12,,모태펀드,,,,15000000000
투자조합,디쓰리쥬빌리파트너스,디쓰리쥬빌리파트너스 모태자조합 제2호,,,12,,모태펀드,,,,30850000000
투자조합,비하이인베스트먼트,비하이인베스트먼트 모태자조합 제1호,,,12,,모태펀드,,,,15000000000
투자조합,대교인베스트먼트,대교인베스트먼트 모태자조합 제6호,,,12,,모태펀드,,,,22000000000
투자조합,나우아이비캐피탈,나우아이비캐피탈 모태자조합 제4호,,,12,,모태펀드,,,,100000000000
투자조합,수인베스트먼트캐피탈,수인베스트먼트캐피탈 모태자조합 제2호,,,12,,모태펀드,,,,60000000000
투자조합,삼호그린인베스트먼트,삼호그린인베스트먼트 모태자조합 제4호,,,12,,모태펀드,,,,50530000000
투자조합,얼머스인베스트먼트,얼머스인베스트먼트 모태자조합 제1호,,,12,,모태펀드,,,,30000000000
투자조합,대덕벤처파트너스,대덕벤처파트너스 모태자조합 제4호,,,12,,모태펀드,,,,23000000000
투자조합,보광인베스트먼트,보광인베스트먼트 모태자조합 제9호,,,12,,모태펀드,,,,15000000000
투자조합,피앤아이인베스트먼트,피앤아이인베스트먼트 모태자조합 제3호,,,12,,모태펀드,,,,10800000000
투자조합,일신창업투자,일신창업투자 모태자조합 제7호,,,12,,모태펀드,,,,22000000000
투자조합,마이다스동아인베스트먼트,마이다스동아인베스트먼트 모태자조합 제2호,,,12,,모태펀드,,,,11500000000
투자조합,대교인베스트먼트,대교인베스트먼트 모태자조합 제7호,,,12,,모태펀드,,,,20005000000
투자조합,에스투엘파트너스,에스투엘파트너스 모태자조합 제1호,,,12,,모태펀드,,,,11000000000
투자조합,이앤벤처파트너스,이앤벤처파트너스 모태자조합 제3호,,,12,,모태펀드,,,,13000000000
투자조합,아이엠투자파트너스,아이엠투자파트너스 모태자조합 제2호,,,12,,모태펀드,,,,15000000000
투자조합,캐피탈원,캐피탈원 모태자조합 제7호,,,12,,모태펀드,,,,14500000000
투자조합,에스비브이에이,에스비브이에이 모태자조합 제7호,,,12,,모태펀드,,,,341020000000
투자조합,연세대학교기술지주,연세대학교기술지주 모태자조합 제2호,,,12,,모태펀드,,,,3500000000
투자조합,대경지역대학공동기술지주,대경지역대학공동기술지주 모태자조합 제1호,,,12,,모태펀드,,,,5050000000
투자조합,부산대학교기술지주,부산대학교기술지주 모태자조합 제2호,,,12,,모태펀드,,,,4200000000
투자조합,에트리홀딩스,에트리홀딩스 모태자조합 제1호,,,12,,모태펀드,,,,9000000000
투자조합,한국과학기술지주,한국과학기술지주 모태자조합 제1호,,,12,,모태펀드,,,,11300000000
투자조합,서울대학교기술지주,서울대학교기술지주 모태자조합 제3호,,,12,,모태펀드,,,,9000000000
투자조합,고려대학교기술지주,고려대학교기술지주 모태자조합 제2호,,,12,,모태펀드,,,,5000000000
투자조합,케이제이앤투자파트너스,케이제이앤투자파트너스 모태자조합 제1호,,,12,,모태펀드,,,,30000000000
투자조합,미시간벤처캐피탈,미시간벤처캐피탈 모태자조합 제11호,,,12,,모태펀드,,,,19000000000
투자조합,보광인베스트먼트,보광인베스트먼트 모태자조합 제10호,,,12,,모태펀드,,,,15000000000
투자조합,엔벤처스,엔벤처스 모태자조합 제1호,,,12,,모태펀드,,,,27500000000
투자조합,유니온투자파트너스,유니온투자파트너스 모태자조합 제10호,,,12,,모태펀드,,,,30000000000
투자조합,쏠레어파트너스,쏠레어파트너스 모태자조합 제2호,,,12,,모태펀드,,,,19300000000
투자조합,스마일게이트인베스트먼트,스마일게이트인베스트먼트 모태자조합 제14호,,,12,,모태펀드,,,,15000000000
투자조합,아이디벤처스,아이디벤처스 모태자조합 제7호,,,12,,모태펀드,,,,30000000000
투자조합,피앤피인베스트먼트,피앤피인베스트먼트 모태자조합 제1호,,,12,,모태펀드,,,,17000000000
투자조합,포항공과대학교기술지주,포항공과대학교기술지주 모태자조합 제2호,,,12,,모태펀드,,,,5000000000
투자조합,미래과학기술지주,미래과학기술지주 모태자조합 제2호,,,12,,모태펀드,,,,7000000000
투자조합,대경지역대학공동기술지주,대경지역대학공동기술지주 모태자조합 제2호,,,12,,모태펀드,,,,4300000000
투자조합,엠와이소셜컴퍼니,엠와이소셜컴퍼니 모태자조합 제1호,,,12,,모태펀드,,,,2000000000
투자조합,컴퍼니케이파트너스,컴퍼니케이파트너스 모태자조합 제10호,,,12,,모태펀드,,,,127000000000
투자조합,캡스톤파트너스,캡스톤파트너스 모태자조합 제7호,,,12,,모태펀드,,,,7200000000
투자조합,라구나인베스트먼트,라구나인베스트먼트 모태자조합 제2호,,,12,,모태펀드,,,,12300000000
투자조합,마이다스동아인베스트먼트,마이다스동아인베스트먼트 모태자조합 제3호,,,12,,모태펀드,,,,20000000000
투자조합,아이디벤처스,아이디벤처스 모태자조합 제8호,,,12,,모태펀드,,,,15000000000
투자조합,원익투자파트너스,원익투자파트너스 모태자조합 제6호,,,12,,모태펀드,,,,31000000000
투자조합,케이티인베스트먼트,케이티인베스트먼트 모태자조합 제1호,,,12,,모태펀드,,,,17000000000
투자조합,대성창업투자,대성창업투자 모태자조합 제17호,,,12,,모태펀드,,,,10000000000
투자조합,다올프라이빗에쿼티 주식회사,다올프라이빗에쿼티 주식회사 모태자조합 제1호,,,12,,모태펀드,,,,111000000000
투자조합,마젤란기술투자,마젤란기술투자 모태자조합 제5호,,,12,,모태펀드,,,,30000000000
투자조합,위벤처스,위벤처스 모태자조합 제1호,,,12,,모태펀드,,,,16000000000
투자조합,케이앤투자파트너스,케이앤투자파트너스 모태자조합 제8호,,,12,,모태펀드,,,,16100000000
투자조합,로이투자파트너스,로이투자파트너스 모태자조합 제6호,,,12,,모태펀드,,,,10000000000
투자조합,로이투자파트너스,로이투자파트너스 모태자조합 제7호,,,12,,모태펀드,,,,10000000000
투자조합,나이스투자파트너스,나이스투자파트너스 모태자조합 제1호,,,12,,모태펀드,,,,22000000000
투자조합,한화투자증권,한화투자증권 모태자조합 제8호,,,12,,모태펀드,,,,21700000000
투자조합,스톤브릿지벤처스,스톤브릿지벤처스 모태자조합 제8호,,,12,,모태펀드,,,,76500000000
투자조합,유티씨인베스트먼트,유티씨인베스트먼트 모태자조합 제10호,,,12,,모태펀드,,,,50800000000
투자조합,퀀텀벤처스코리아,퀀텀벤처스코리아 모태자조합 제2호,,,12,,모태펀드,,,,49700000000
투자조합,이에스인베스터,이에스인베스터 모태자조합 제5호,,,12,,모태펀드,,,,15000000000
투자조합,숭실대학교기술지주,숭실대학교기술지주 모태자조합 제1호,,,12,,모태펀드,,,,1700000000
투자조합,전남대학교기술지주회사,전남대학교기술지주회사 모태자조합 제2호,,,12,,모태펀드,,,,4000000000
투자조합,벤처박스,벤처박스 모태자조합 제1호,,,12,,모태펀드,,,,1002000000
투자조합,한양대학교기술지주회사,한양대학교기술지주회사 모태자조합 제2호,,,12,,모태펀드,,,,1000000000
투자조합,유안타인베스트먼트,유안타인베스트먼트 모태자조합 제7호,,,12,,모태펀드,,,,125000000000
투자조합,이앤인베스트먼트,이앤인베스트먼트 모태자조합 제2호,,,12,,모태펀드,,,,21500000000
투자조합,포스코기술투자,포스코기술투자 모태자조합 제11호,,,12,,모태펀드,,,,26000000000
투자조합,더웰스인베스트먼트,더웰스인베스트먼트 모태자조합 제3호,,,12,,모태펀드,,,,25000000000
투자조합,알바트로스인베스트먼트,알바트로스인베스트먼트 모태자조합 제5호,,,12,,모태펀드,,,,14000000000
투자조합,메이플투자파트너스,메이플투자파트너스 모태자조합 제5호,,,12,,모태펀드,,,,20500000000
투자조합,케이브릿지인베스트먼트,케이브릿지인베스트먼트 모태자조합 제2호,,,12,,모태펀드,,,,21720000000
투자조합,NBH캐피탈,NBH캐피탈 모태자조합 제2호,,,12,,모태펀드,,,,12200000000
투자조합,라이트하우스컴바인인베스트,라이트하우스컴바인인베스트 모태자조합 제2호,,,12,,모태펀드,,,,10200000000
투자조합,패스파인더에이치,패스파인더에이치 모태자조합 제4호,,,12,,모태펀드,,,,17000000000
투자조합,센트럴투자파트너스,센트럴투자파트너스 모태자조합 제4호,,,12,,모태펀드,,,,40000000000
투자조합,코나벤처파트너스,코나벤처파트너스 모태자조합 제3호,,,12,,모태펀드,,,,30000000000
투자조합,라구나인베스트먼트,라구나인베스트먼트 모태자조합 제3호,,,12,,모태펀드,,,,15860000000
투자조합,넥스트지인베스트먼트,넥스트지인베스트먼트 모태자조합 제1호,,,12,,모태펀드,,,,30000000000
투자조합,가이아벤처파트너스,가이아벤처파트너스 모태자조합 제5호,,,12,,모태펀드,,,,20000000000
투자조합,이수창업투자,이수창업투자 모태자조합 제9호,,,12,,모태펀드,,,,21500000000
투자조합,마이다스동아인베스트먼트,마이다스동아인베스트먼트 모태자조합 제4호,,,12,,모태펀드,,,,15000000000
투자조합,이크럭스벤처파트너스,이크럭스벤처파트너스 모태자조합 제1호,,,12,,모태펀드,,,,11650000000
투자조합,유니온투자파트너스,유니온투자파트너스 모태자조합 제11호,,,12,,모태펀드,,,,26000000000
투자조합,씨제이인베스트먼트,씨제이인베스트먼트 모태자조합 제8호,,,12,,모태펀드,,,,18600000000
투자조합,이수창업투자,이수창업투자 모태자조합 제10호,,,12,,모태펀드,,,,15200000000
투자조합,코오롱인베스트먼트,코오롱인베스트먼트 모태자조합 제9호,,,12,,모태펀드,,,,67500000000
투자조합,마이스터프라이빗에쿼티,마이스터프라이빗에쿼티 모태자조합 제1호,,,12,,모태펀드,,,,10000000000
투자조합,케이씨벤처스,케이씨벤처스 모태자조합 제1호,,,12,,모태펀드,,,,16400000000
투자조합,미시간벤처캐피탈,미시간벤처캐피탈 모태자조합 제12호,,,12,,모태펀드,,,,30000000000
투자조합,린드먼아시아인베스트먼트,린드먼아시아인베스트먼트 모태자조합 제7호,,,12,,모태펀드,,,,80100000000
투자조합,에이비즈파트너스,에이비즈파트너스 모태자조합 제1호,,,12,,모태펀드,,,,100000000000
투자조합,티에스인베스트먼트,티에스인베스트먼트 모태자조합 제10호,,,12,,모태펀드,,,,119300000000
투자조합,하나벤처스,하나벤처스 모태자조합 제1호,,,12,,모태펀드,,,,65000000000
투자조합,메티스톤에퀴티파트너스,메티스톤에퀴티파트너스 모태자조합 제1호,,,12,,모태펀드,,,,91500000000
투자조합,임팩트스퀘어,임팩트스퀘어 모태자조합 제1호,,,12,,모태펀드,,,,5800000000
투자조합,쿨리지코너인베스트먼트,쿨리지코너인베스트먼트 모태자조합 제9호,,,12,,모태펀드,,,,10000000000
투자조합,비하이인베스트먼트,비하이인베스트먼트 모태자조합 제2호,,,12,,모태펀드,,,,30000000000
투자조합,우리벤처파트너스,우리벤처파트너스 모태자조합 제9호,,,12,,모태펀드,,,,281000000000
투자조합,케이비인베스트먼트,케이비인베스트먼트 모태자조합 제12호,,,12,,모태펀드,,,,200000000000
투자조합,에이벤처스,에이벤처스 모태자조합 제2호,,,12,,모태펀드,,,,30000000000
투자조합,에프엠씨인베스트먼트,에프엠씨인베스트먼트 모태자조합 제1호,,,12,,모태펀드,,,,13500000000
투자조합,비엔케이벤처투자,비엔케이벤처투자 모태자조합 제3호,,,12,,모태펀드,,,,16540000000
투자조합,어니스트벤처스,어니스트벤처스 모태자조합 제4호,,,12,,모태펀드,,,,20000000000
투자조합,데브시스터즈벤처스,데브시스터즈벤처스 모태자조합 제5호,,,12,,모태펀드,,,,20000000000
투자조합,비에스케이인베스트먼트,비에스케이인베스트먼트 모태자조합 제9호,,,12,,모태펀드,,,,33400000000
투자조합,케이티인베스트먼트,케이티인베스트먼트 모태자조합 제2호,,,12,,모태펀드,,,,24000000000
투자조합,제이비인베스트먼트,제이비인베스트먼트 모태자조합 제4호,,,12,,모태펀드,,,,20000000000
투자조합,인비저닝파트너스,인비저닝파트너스 모태자조합 제2호,,,12,,모태펀드,,,,15800000000
투자조합,케이앤투자파트너스,케이앤투자파트너스 모태자조합 제9호,,,12,,모태펀드,,,,15500000000
투자조합,인사이트에퀴티파트너스,인사이트에퀴티파트너스 모태자조합 제2호,,,12,,모태펀드,,,,20000000000
투자조합,비에이파트너스,비에이파트너스 모태자조합 제3호,,,12,,모태펀드,,,,20000000000
투자조합,위벤처스,위벤처스 모태자조합 제2호,,,12,,모태펀드,,,,57800000000
투자조합,인라이트벤처스,인라이트벤처스 모태자조합 제3호,,,12,,모태펀드,,,,22000000000
투자조합,티비티,티비티 모태자조합 제1호,,,12,,모태펀드,,,,33000000000
투자조합,티인베스트먼트,티인베스트먼트 모태자조합 제2호,,,12,,모태펀드,,,,37100000000
투자조합,엘에스케이인베스트먼트,엘에스케이인베스트먼트 모태자조합 제3호,,,12,,모태펀드,,,,55000000000
투자조합,제이비인베스트먼트,제이비인베스트먼트 모태자조합 제5호,,,12,,모태펀드,,,,25000000000
투자조합,에스제이투자파트너스,에스제이투자파트너스 모태자조합 제7호,,,12,,모태펀드,,,,75000000000
투자조합,인터베스트,인터베스트 모태자조합 제10호,,,12,,모태펀드,,,,38000000000
투자조합,키움인베스트먼트,키움인베스트먼트 모태자조합 제11호,,,12,,모태펀드,,,,30000000000
투자조합,디티앤인베스트먼트,디티앤인베스트먼트 모태자조합 제6호,,,12,,모태펀드,,,,54850000000
투자조합,마그나인베스트먼트,마그나인베스트먼트 모태자조합 제8호,,,12,,모태펀드,,,,25000000000
투자조합,에스엘인베스트먼트,에스엘인베스트먼트 모태자조합 제10호,,,12,,모태펀드,,,,75000000000
투자조합,미래에셋벤처투자,미래에셋벤처투자 모태자조합 제10호,,,12,,모태펀드,,,,80100000000
투자조합,스톤브릿지벤처스,스톤브릿지벤처스 모태자조합 제9호,,,12,,모태펀드,,,,146000000000
투자조합,스틱벤처스,스틱벤처스 모태자조합 제8호,,,12,,모태펀드,,,,102500000000
투자조합,프리미어파트너스,프리미어파트너스 모태자조합 제8호,,,12,,모태펀드,,,,90000000000
투자조합,한국투자파트너스,한국투자파트너스 모태자조합 제14호,,,12,,모태펀드,,,,350000000000
투자조합,스마일게이트인베스트먼트,스마일게이트인베스트먼트 모태자조합 제15호,,,12,,모태펀드,,,,20000000000
투자조합,비엔케이벤처투자,비엔케이벤처투자 모태자조합 제4호,,,12,,모태펀드,,,,15400000000
투자조합,미래과학기술지주,미래과학기술지주 모태자조합 제3호,,,12,,모태펀드,,,,6000000000
투자조합,카이스트청년창업투자지주,카이스트청년창업투자지주 모태자조합 제1호,,,12,,모태펀드,,,,5000000000
투자조합,부산지역대학연합기술지주,부산지역대학연합기술지주 모태자조합 제3호,,,12,,모태펀드,,,,5000000000
투자조합,포항공과대학교기술지주,포항공과대학교기술지주 모태자조합 제3호,,,12,,모태펀드,,,,7500000000
투자조합,충남대학교기술지주,충남대학교기술지주 모태자조합 제1호,,,12,,모태펀드,,,,3000000000
투자조합,뉴패러다임인베스트먼트,뉴패러다임인베스트먼트 모태자조합 제1호,,,12,,모태펀드,,,,6000000000
투자조합,씨엔티테크,씨엔티테크 모태자조합 제1호,,,12,,모태펀드,,,,3400000000
투자조합,인포뱅크,인포뱅크 모태자조합 제1호,,,12,,모태펀드,,,,6000000000
투자조합,퓨처플레이,퓨처플레이 모태자조합 제1호,,,12,,모태펀드,,,,5500000000
투자조합,제피러스랩,제피러스랩 모태자조합 제1호,,,12,,모태펀드,,,,5400000000
투자조합,울산창조경제혁신센터,울산창조경제혁신센터 모태자조합 제1호,,,12,,모태펀드,,,,4000000000
투자조합,시리즈벤처스,시리즈벤처스 모태자조합 제1호,,,12,,모태펀드,,,,5010000000
투자조합,로우파트너스,로우파트너스 모태자조합 제1호,,,12,,모태펀드,,,,1530000000
투자조합,국민대학교기술지주,국민대학교기술지주 모태자조합 제1호,,,12,,모태펀드,,,,2040000000
투자조합,카이스트청년창업투자지주,카이스트청년창업투자지주 모태자조합 제2호,,,12,,모태펀드,,,,3000000000
투자조합,미래과학기술지주,미래과학기술지주 모태자조합 제4호,,,12,,모태펀드,,,,5000000000
투자조합,포항공과대학교기술지주,포항공과대학교기술지주 모태자조합 제4호,,,12,,모태펀드,,,,4000000000
투자조합,벤처박스,벤처박스 모태자조합 제2호,,,12,,모태펀드,,,,1002000000
투자조합,연세대학교기술지주,연세대학교기술지주 모태자조합 제3호,,,12,,모태펀드,,,,5000000000
투자조합,한국벤처투자,한국벤처투자 모태자조합 제22호,,,12,,모태펀드,,,,51000000000
투자조합,서울대학교기술지주,서울대학교기술지주 모태자조합 제4호,,,12,,모태펀드,,,,9000000000
투자조합,스마일게이트인베스트먼트,스마일게이트인베스트먼트 모태자조합 제16호,,,12,,모태펀드,,,,48750000000
투자조합,인라이트벤처스,인라이트벤처스 모태자조합 제4호,,,12,,모태펀드,,,,14300000000
투자조합,에이티유파트너스,에이티유파트너스 모태자조합 제1호,,,12,,모태펀드,,,,5100000000
투자조합,대성창업투자,대성창업투자 모태자조합 제18호,,,12,,모태펀드,,,,19000000000
투자조합,이앤인베스트먼트,이앤인베스트먼트 모태자조합 제3호,,,12,,모태펀드,,,,130000000000
투자조합,한화투자증권,한화투자증권 모태자조합 제9호,,,12,,모태펀드,,,,5600000000
투자조합,인피니툼파트너스,인피니툼파트너스 모태자조합 제1호,,,12,,모태펀드,,,,14300000000
투자조합,한국벤처투자,한국벤처투자 모태자조합 제23호,,,12,,모태펀드,,,,91001000000
투자조합,인터밸류파트너스,인터밸류파트너스 모태자조합 제4호,,,12,,모태펀드,,,,37000000000
투자조합,비엔에이치인베스트먼트,비엔에이치인베스트먼트 모태자조합 제3호,,,12,,모태펀드,,,,61200000000
투자조합,유니온투자파트너스,유니온투자파트너스 모태자조합 제12호,,,12,,모태펀드,,,,50500000000
투자조합,어니스트벤처스,어니스트벤처스 모태자조합 제5호,,,12,,모태펀드,,,,18500000000
투자조합,비에스케이인베스트먼트,비에스케이인베스트먼트 모태자조합 제10호,,,12,,모태펀드,,,,48500000000
투자조합,마그나인베스트먼트,마그나인베스트먼트 모태자조합 제9호,,,12,,모태펀드,,,,25200000000
투자조합,현대기술투자,현대기술투자 모태자조합 제7호,,,12,,모태펀드,,,,23000000000
투자조합,케이넷투자파트너스,케이넷투자파트너스 모태자조합 제5호,,,12,,모태펀드,,,,59900000000
투자조합,신한벤처투자,신한벤처투자 모태자조합 제13호,,,12,,모태펀드,,,,19900000000
투자조합,소풍벤처스,소풍벤처스 모태자조합 제1호,,,12,,모태펀드,,,,3235000000
투자조합,경남벤처투자,경남벤처투자 모태자조합 제1호,,,12,,모태펀드,,,,20000000000
투자조합,블루포인트파트너스,블루포인트파트너스 모태자조합 제1호,,,12,,모태펀드,,,,12000000000
투자조합,어니스트벤처스,어니스트벤처스 모태자조합 제6호,,,12,,모태펀드,,,,12500000000
투자조합,이에스인베스터,이에스인베스터 모태자조합 제6호,,,12,,모태펀드,,,,12600000000
투자조합,인텔렉추얼디스커버리,인텔렉추얼디스커버리 모태자조합 제1호,,,12,,모태펀드,,,,20000000000
투자조합,클레어보이언트벤처스,클레어보이언트벤처스 모태자조합 제1호,,,12,,모태펀드,,,,57500000000
투자조합,메이플투자파트너스,메이플투자파트너스 모태자조합 제6호,,,12,,모태펀드,,,,20500000000
투자조합,킹고투자파트너스,킹고투자파트너스 모태자조합 제1호,,,12,,모태펀드,,,,27000000000
투자조합,에스비파트너스,에스비파트너스 모태자조합 제1호,,,12,,모태펀드,,,,15190000000
투자조합,대교인베스트먼트,대교인베스트먼트 모태자조합 제8호,,,12,,모태펀드,,,,20000000000
투자조합,무신사파트너스,무신사파트너스 모태자조합 제1호,,,12,,모태펀드,,,,20210000000
투자조합,본엔젤스벤처파트너스,본엔젤스벤처파트너스 모태자조합 제1호,,,12,,모태펀드,,,,22000000000
투자조합,스톤브릿지벤처스,스톤브릿지벤처스 모태자조합 제10호,,,12,,모태펀드,,,,26500000000
투자조합,스프링캠프,스프링캠프 모태자조합 제1호,,,12,,모태펀드,,,,28000000000
투자조합,시그나이트,시그나이트 모태자조합 제1호,,,12,,모태펀드,,,,50000000000
투자조합,위벤처스,위벤처스 모태자조합 제3호,,,12,,모태펀드,,,,27300000000
투자조합,토니인베스트먼트,토니인베스트먼트 모태자조합 제1호,,,12,,모태펀드,,,,12500000000
투자조합,코나벤처파트너스,코나벤처파트너스 모태자조합 제4호,,,12,,모태펀드,,,,34400000000
투자조합,크릿벤처스,크릿벤처스 모태자조합 제1호,,,12,,모태펀드,,,,12500000000
투자조합,인텔렉추얼디스커버리,인텔렉추얼디스커버리 모태자조합 제2호,,,12,,모태펀드,,,,20700000000
투자조합,엘앤에스벤처캐피탈,엘앤에스벤처캐피탈 모태자조합 제9호,,,12,,모태펀드,,,,20000000000
투자조합,스파크랩,스파크랩 모태자조합 제1호,,,12,,모태펀드,,,,10000000000
투자조합,스파크랩,스파크랩 모태자조합 제2호,,,12,,모태펀드,,,,12500000000
투자조합,씨제이인베스트먼트,씨제이인베스트먼트 모태자조합 제9호,,,12,,모태펀드,,,,24000000000
투자조합,쿨리지코너인베스트먼트,쿨리지코너인베스트먼트 모태자조합 제10호,,,12,,모태펀드,,,,25000000000
투자조합,케이앤투자파트너스,케이앤투자파트너스 모태자조합 제10호,,,12,,모태펀드,,,,26000000000
투자조합,비엔케이벤처투자,비엔케이벤처투자 모태자조합 제5호,,,12,,모태펀드,,,,20000000000
투자조합,수인베스트먼트캐피탈,수인베스트먼트캐피탈 모태자조합 제3호,,,12,,모태펀드,,,,40000000000
투자조합,컴퍼니케이파트너스,컴퍼니케이파트너스 모태자조합 제11호,,,12,,모태펀드,,,,100000000000
투자조합,디티앤인베스트먼트,디티앤인베스트먼트 모태자조합 제7호,,,12,,모태펀드,,,,40000000000
투자조합,하나벤처스,하나벤처스 모태자조합 제2호,,,12,,모태펀드,,,,54000000000
투자조합,스퀘어벤처스,스퀘어벤처스 모태자조합 제2호,,,12,,모태펀드,,,,10000000000
투자조합,라구나인베스트먼트,라구나인베스트먼트 모태자조합 제4호,,,12,,모태펀드,,,,50000000000
투자조합,에이벤처스,에이벤처스 모태자조합 제3호,,,12,,모태펀드,,,,73500000000
투자조합,인사이트에퀴티파트너스,인사이트에퀴티파트너스 모태자조합 제3호,,,12,,모태펀드,,,,31800000000
투자조합,유티씨인베스트먼트,유티씨인베스트먼트 모태자조합 제11호,,,12,,모태펀드,,,,135000000000
투자조합,비엔케이벤처투자,비엔케이벤처투자 모태자조합 제6호,,,12,,모태펀드,,,,35000000000
투자조합,삼호그린인베스트먼트,삼호그린인베스트먼트 모태자조합 제5호,,,12,,모태펀드,,,,30000000000
투자조합,어센도벤처스,어센도벤처스 모태자조합 제2호,,,12,,모태펀드,,,,38700000000
투자조합,라이트하우스컴바인인베스트,라이트하우스컴바인인베스트 모태자조합 제3호,,,12,,모태펀드,,,,23000000000
투자조합,제피러스랩,제피러스랩 모태자조합 제2호,,,12,,모태펀드,,,,10000000000
투자조합,서울투자파트너스,서울투자파트너스 모태자조합 제6호,,,12,,모태펀드,,,,12500000000
투자조합,위벤처스,위벤처스 모태자조합 제4호,,,12,,모태펀드,,,,53000000000
투자조합,씨제이인베스트먼트,씨제이인베스트먼트 모태자조합 제10호,,,12,,모태펀드,,,,28000000000
투자조합,인피니툼파트너스,인피니툼파트너스 모태자조합 제2호,,,12,,모태펀드,,,,13650000000
투자조합,코오롱인베스트먼트,코오롱인베스트먼트 모태자조합 제10호,,,12,,모태펀드,,,,195000000000
투자조합,에스브이인베스트먼트,에스브이인베스트먼트 모태자조합 제9호,,,12,,모태펀드,,,,200000000000
투자조합,키움인베스트먼트,키움인베스트먼트 모태자조합 제12호,,,12,,모태펀드,,,,140000000000
투자조합,에스비아이인베스트먼트,에스비아이인베스트먼트 모태자조합 제10호,,,12,,모태펀드,,,,50000000000
투자조합,엘앤에스벤처캐피탈,엘앤에스벤처캐피탈 모태자조합 제10호,,,12,,모태펀드,,,,30000000000
투자조합,케이런벤처스,케이런벤처스 모태자조합 제3호,,,12,,모태펀드,,,,33400000000
투자조합,토니인베스트먼트,토니인베스트먼트 모태자조합 제2호,,,12,,모태펀드,,,,20000000000
투자조합,티인베스트먼트,티인베스트먼트 모태자조합 제3호,,,12,,모태펀드,,,,37500000000
투자조합,코리아에셋투자증권,코리아에셋투자증권 모태자조합 제3호,,,12,,모태펀드,,,,40000000000
투자조합,나우아이비캐피탈,나우아이비캐피탈 모태자조합 제5호,,,12,,모태펀드,,,,30000000000
투자조합,심본투자파트너스,심본투자파트너스 모태자조합 제3호,,,12,,모태펀드,,,,15000000000
투자조합,캡스톤파트너스,캡스톤파트너스 모태자조합 제8호,,,12,,모태펀드,,,,30000000000
투자조합,하나벤처스,하나벤처스 모태자조합 제3호,,,12,,모태펀드,,,,45000000000
투자조합,블루포인트파트너스,블루포인트파트너스 모태자조합 제2호,,,12,,모태펀드,,,,9600000000
투자조합,아주아이비투자,아주아이비투자 모태자조합 제9호,,,12,,모태펀드,,,,14500000000
투자조합,이에스인베스터,이에스인베스터 모태자조합 제7호,,,12,,모태펀드,,,,15550000000
투자조합,대덕벤처파트너스,대덕벤처파트너스 모태자조합 제5호,,,12,,모태펀드,,,,14500000000
투자조합,비에이파트너스,비에이파트너스 모태자조합 제4호,,,12,,모태펀드,,,,20000000000
투자조합,한국벤처투자,한국벤처투자 모태자조합 제24호,,,12,,모태펀드,,,,20500000000
투자조합,티인베스트먼트,티인베스트먼트 모태자조합 제4호,,,12,,모태펀드,,,,10300000000
투자조합,인바이츠벤처스,인바이츠벤처스 모태자조합 제1호,,,12,,모태펀드,,,,12500000000
투자조합,롯데벤처스,롯데벤처스 모태자조합 제1호,,,12,,모태펀드,,,,17200000000
투자조합,센트럴투자파트너스,센트럴투자파트너스 모태자조합 제5호,,,12,,모태펀드,,,,42000000000
투자조합,스마트스터디벤처스,스마트스터디벤처스 모태자조합 제1호,,,12,,모태펀드,,,,38500000000
투자조합,쏠레어파트너스,쏠레어파트너스 모태자조합 제3호,,,12,,모태펀드,,,,24300000000
투자조합,유니온투자파트너스,유니온투자파트너스 모태자조합 제13호,,,12,,모태펀드,,,,35000000000
투자조합,케이씨벤처스,케이씨벤처스 모태자조합 제2호,,,12,,모태펀드,,,,20000000000
투자조합,코나벤처파트너스,코나벤처파트너스 모태자조합 제5호,,,12,,모태펀드,,,,25860000000
투자조합,가이아벤처파트너스,가이아벤처파트너스 모태자조합 제6호,,,12,,모태펀드,,,,15060000000
투자조합,씨제이인베스트먼트,씨제이인베스트먼트 모태자조합 제11호,,,12,,모태펀드,,,,15200000000
투자조합,로간벤처스,로간벤처스 모태자조합 제1호,,,12,,모태펀드,,,,12200000000
투자조합,에스제이투자파트너스,에스제이투자파트너스 모태자조합 제8호,,,12,,모태펀드,,,,65010000000
투자조합,인피니툼파트너스,인피니툼파트너스 모태자조합 제3호,,,12,,모태펀드,,,,18500000000
투자조합,씨케이디창업투자,씨케이디창업투자 모태자조합 제9호,,,12,,모태펀드,,,,52000000000
투자조합,아이엠투자파트너스,아이엠투자파트너스 모태자조합 제3호,,,12,,모태펀드,,,,30000000000
투자조합,퀀텀벤처스코리아,퀀텀벤처스코리아 모태자조합 제3호,,,12,,모태펀드,,,,30500000000
투자조합,케이앤투자파트너스,케이앤투자파트너스 모태자조합 제11호,,,12,,모태펀드,,,,22500000000
투자조합,센트럴투자파트너스,센트럴투자파트너스 모태자조합 제6호,,,12,,모태펀드,,,,16700000000
투자조합,아이엠투자파트너스,아이엠투자파트너스 모태자조합 제4호,,,12,,모태펀드,,,,26000000000
투자조합,대교인베스트먼트,대교인베스트먼트 모태자조합 제9호,,,12,,모태펀드,,,,25000000000
투자조합,케이티인베스트먼트,케이티인베스트먼트 모태자조합 제3호,,,12,,모태펀드,,,,20000000000
투자조합,에버그린투자파트너스,에버그린투자파트너스 모태자조합 제3호,,,12,,모태펀드,,,,43100000000
투자조합,서울대학교기술지주,서울대학교기술지주 모태자조합 제5호,,,12,,모태펀드,,,,10100000000
투자조합,씨엔티테크,씨엔티테크 모태자조합 제2호,,,12,,모태펀드,,,,4300000000
투자조합,퓨처플레이,퓨처플레이 모태자조합 제2호,,,12,,모태펀드,,,,29750000000
투자조합,메이플투자파트너스,메이플투자파트너스 모태자조합 제7호,,,12,,모태펀드,,,,50000000000
투자조합,어니스트벤처스,어니스트벤처스 모태자조합 제7호,,,12,,모태펀드,,,,51020000000
투자조합,충남대학교기술지주,충남대학교기술지주 모태자조합 제2호,,,12,,모태펀드,,,,2000000000
투자조합,특허법인지원,특허법인지원 모태자조합 제1호,,,12,,모태펀드,,,,2700000000
투자조합,한밭대학교기술지주,한밭대학교기술지주 모태자조합 제1호,,,12,,모태펀드,,,,1100000000
투자조합,연세대학교기술지주,연세대학교기술지주 모태자조합 제4호,,,12,,모태펀드,,,,4400000000
투자조합,전남대학교기술지주회사,전남대학교기술지주회사 모태자조합 제3호,,,12,,모태펀드,,,,4000000000
투자조합,고려대학교기술지주,고려대학교기술지주 모태자조합 제3호,,,12,,모태펀드,,,,5000000000
투자조합,포항공과대학교기술지주,포항공과대학교기술지주 모태자조합 제5호,,,12,,모태펀드,,,,5000000000
투자조합,고려대학교기술지주,고려대학교기술지주 모태자조합 제4호,,,12,,모태펀드,,,,4000000000
투자조합,뉴패러다임인베스트먼트,뉴패러다임인베스트먼트 모태자조합 제2호,,,12,,모태펀드,,,,11100000000
투자조합,인포뱅크,인포뱅크 모태자조합 제2호,,,12,,모태펀드,,,,7000000000
투자조합,강수현,강수현 모태자조합 제1호,,,12,,모태펀드,,,,5380000000
투자조합,킹슬리벤처스,킹슬리벤처스 모태자조합 제1호,,,12,,모태펀드,,,,6000000000
투자조합,씨앤벤처파트너스,씨앤벤처파트너스 모태자조합 제1호,,,12,,모태펀드,,,,5250000000
투자조합,로간벤처스,로간벤처스 모태자조합 제2호,,,12,,모태펀드,,,,13700000000
투자조합,피앤아이인베스트먼트,피앤아이인베스트먼트 모태자조합 제4호,,,12,,모태펀드,,,,13000000000
투자조합,쏠레어파트너스,쏠레어파트너스 모태자조합 제4호,,,12,,모태펀드,,,,30000000000
투자조합,가이아벤처파트너스,가이아벤처파트너스 모태자조합 제7호,,,12,,모태펀드,,,,13140000000
투자조합,스마일게이트인베스트먼트,스마일게이트인베스트먼트 모태자조합 제17호,,,12,,모태펀드,,,,47000000000
투자조합,미래과학기술지주,미래과학기술지주 모태자조합 제5호,,,12,,모태펀드,,,,20000000000
투자조합,케이앤투자파트너스,케이앤투자파트너스 모태자조합 제12호,,,12,,모태펀드,,,,19000000000
투자조합,경남벤처투자,경남벤처투자 모태자조합 제2호,,,12,,모태펀드,,,,17600000000
투자조합,디쓰리쥬빌리파트너스,디쓰리쥬빌리파트너스 모태자조합 제3호,,,12,,모태펀드,,,,28500000000
투자조합,브이엘인베스트먼트,브이엘인베스트먼트 모태자조합 제1호,,,12,,모태펀드,,,,35300000000
투자조합,시그나이트,시그나이트 모태자조합 제2호,,,12,,모태펀드,,,,30000000000
투자조합,로이투자파트너스,로이투자파트너스 모태자조합 제8호,,,12,,모태펀드,,,,13000000000
투자조합,스마일게이트인베스트먼트,스마일게이트인베스트먼트 모태자조합 제18호,,,12,,모태펀드,,,,39000000000
투자조합,쿼드벤처스,쿼드벤처스 모태자조합 제1호,,,12,,모태펀드,,,,22000000000
투자조합,엔브이씨파트너스,엔브이씨파트너스 모태자조합 제1호,,,12,,모태펀드,,,,10600000000
투자조합,위벤처스,위벤처스 모태자조합 제5호,,,12,,모태펀드,,,,12500000000
투자조합,데브시스터즈벤처스,데브시스터즈벤처스 모태자조합 제6호,,,12,,모태펀드,,,,16650000000
투자조합,대성창업투자,대성창업투자 모태자조합 제19호,,,12,,모태펀드,,,,15000000000
투자조합,미시간벤처캐피탈,미시간벤처캐피탈 모태자조합 제13호,,,12,,모태펀드,,,,33300000000
투자조합,피앤피인베스트먼트,피앤피인베스트먼트 모태자조합 제2호,,,12,,모태펀드,,,,14000000000
투자조합,한국벤처투자,한국벤처투자 모태자조합 제25호,,,12,,모태펀드,,,,91500000000
투자조합,센트럴투자파트너스,센트럴투자파트너스 모태자조합 제7호,,,12,,모태펀드,,,,13000000000
투자조합,라이트하우스컴바인인베스트,라이트하우스컴바인인베스트 모태자조합 제4호,,,12,,모태펀드,,,,14300000000
투자조합,엠와이소셜컴퍼니,엠와이소셜컴퍼니 모태자조합 제2호,,,12,,모태펀드,,,,6000000000
투자조합,전북지역대학연합기술지주,전북지역대학연합기술지주 모태자조합 제2호,,,12,,모태펀드,,,,3000000000
투자조합,대경지역대학공동기술지주,대경지역대학공동기술지주 모태자조합 제3호,,,12,,모태펀드,,,,4000000000
투자조합,토니인베스트먼트,토니인베스트먼트 모태자조합 제3호,,,12,,모태펀드,,,,40000000000
투자조합,한국벤처투자,한국벤처투자 모태자조합 제26호,,,12,,모태펀드,,,,91200000000
투자조합,비비드인베스트먼트,비비드인베스트먼트 모태자조합 제2호,,,12,,모태펀드,,,,23400000000
투자조합,아이디벤처스,아이디벤처스 모태자조합 제9호,,,12,,모태펀드,,,,27000000000
투자조합,주식회사 스타셋인베스트먼트,주식회사 스타셋인베스트먼트 모태자조합 제1호,,,12,,모태펀드,,,,53000000000
투자조합,우리벤처파트너스,우리벤처파트너스 모태자조합 제10호,,,12,,모태펀드,,,,55000000000
투자조합,파라투스인베스트먼트,파라투스인베스트먼트 모태자조합 제1호,,,12,,모태펀드,,,,194500000000
투자조합,파트너스인베스트먼트,파트너스인베스트먼트 모태자조합 제6호,,,12,,모태펀드,,,,90000000000
투자조합,아이엠엠인베스트먼트,아이엠엠인베스트먼트 모태자조합 제10호,,,12,,모태펀드,,,,106566000000
투자조합,인터밸류파트너스,인터밸류파트너스 모태자조합 제5호,,,12,,모태펀드,,,,34000000000
투자조합,인터베스트,인터베스트 모태자조합 제11호,,,12,,모태펀드,,,,55000000000
투자조합,스톤브릿지벤처스,스톤브릿지벤처스 모태자조합 제11호,,,12,,모태펀드,,,,200000000000
투자조합,스틱벤처스,스틱벤처스 모태자조합 제9호,,,12,,모태펀드,,,,257000000000
투자조합,한국엔젤투자협회,한국엔젤투자협회 모태자조합 제5호,,,12,,모태펀드,,,,5000000000
투자조합,한국엔젤투자협회,한국엔젤투자협회 모태자조합 제6호,,,12,,모태펀드,,,,5000000000
투자조합,쿨리지코너인베스트먼트,쿨리지코너인베스트먼트 모태자조합 제11호,,,12,,모태펀드,,,,12500000000
투자조합,임팩트스퀘어,임팩트스퀘어 모태자조합 제2호,,,12,,모태펀드,,,,6000000000
투자조합,패스파인더에이치,패스파인더에이치 모태자조합 제5호,,,12,,모태펀드,,,,18000000000
투자조합,스파크랩,스파크랩 모태자조합 제3호,,,12,,모태펀드,,,,15200000000
투자조합,킹슬리벤처스,킹슬리벤처스 모태자조합 제2호,,,12,,모태펀드,,,,16150000000
투자조합,수인베스트먼트캐피탈,수인베스트먼트캐피탈 모태자조합 제4호,,,12,,모태펀드,,,,10000000000
투자조합,포항공과대학교기술지주,포항공과대학교기술지주 모태자조합 제6호,,,12,,모태펀드,,,,29500000000
투자조합,보광인베스트먼트,보광인베스트먼트 모태자조합 제11호,,,12,,모태펀드,,,,17600000000
투자조합,서울투자파트너스,서울투자파트너스 모태자조합 제7호,,,12,,모태펀드,,,,30000000000
투자조합,동문파트너즈,동문파트너즈 모태자조합 제5호,,,12,,모태펀드,,,,16700000000
투자조합,오라클벤처투자,오라클벤처투자 모태자조합 제1호,,,12,,모태펀드,,,,10000000000
투자조합,한국벤처투자,한국벤처투자 모태자조합 제27호,,,12,,모태펀드,,,,84900000000
투자조합,한화투자증권,한화투자증권 모태자조합 제10호,,,12,,모태펀드,,,,103000000000
투자조합,현대투자파트너스,현대투자파트너스 모태자조합 제1호,,,12,,모태펀드,,,,37000000000
투자조합,뮤어우즈벤처스,뮤어우즈벤처스 모태자조합 제1호,,,12,,모태펀드,,,,20210000000
투자조합,브이플랫폼인베스트먼트,브이플랫폼인베스트먼트 모태자조합 제1호,,,12,,모태펀드,,,,21750000000
투자조합,비전에쿼티파트너스,비전에쿼티파트너스 모태자조합 제2호,,,12,,모태펀드,,,,12000000000
투자조합,유니온투자파트너스,유니온투자파트너스 모태자조합 제14호,,,12,,모태펀드,,,,14700000000
투자조합,루트벤처스,루트벤처스 모태자조합 제1호,,,12,,모태펀드,,,,15000000000
투자조합,롯데벤처스,롯데벤처스 모태자조합 제2호,,,12,,모태펀드,,,,30400000000
투자조합,제이비인베스트먼트,제이비인베스트먼트 모태자조합 제6호,,,12,,모태펀드,,,,20000000000
투자조합,메디톡스벤처투자,메디톡스벤처투자 모태자조합 제2호,,,12,,모태펀드,,,,20000000000
투자조합,안다아시아벤처스,안다아시아벤처스 모태자조합 제1호,,,12,,모태펀드,,,,25350000000
투자조합,데일리파트너스,데일리파트너스 모태자조합 제2호,,,12,,모태펀드,,,,50000000000
투자조합,비엔에이치인베스트먼트,비엔에이치인베스트먼트 모태자조합 제4호,,,12,,모태펀드,,,,118500000000
투자조합,트랜스링크인베스트먼트,트랜스링크인베스트먼트 모태자조합 제5호,,,12,,모태펀드,,,,75000000000
투자조합,본엔젤스벤처파트너스,본엔젤스벤처파트너스 모태자조합 제2호,,,12,,모태펀드,,,,145000000000
투자조합,우리벤처파트너스,우리벤처파트너스 모태자조합 제11호,,,12,,모태펀드,,,,307600000000
투자조합,케이비인베스트먼트,케이비인베스트먼트 모태자조합 제13호,,,12,,모태펀드,,,,157000000000
투자조합,나우아이비캐피탈,나우아이비캐피탈 모태자조합 제6호,,,12,,모태펀드,,,,28000000000
투자조합,수인베스트먼트캐피탈,수인베스트먼트캐피탈 모태자조합 제5호,,,12,,모태펀드,,,,16700000000
투자조합,코메스인베스트먼트,코메스인베스트먼트 모태자조합 제3호,,,12,,모태펀드,,,,30000000000
투자조합,플래티넘기술투자,플래티넘기술투자 모태자조합 제8호,,,12,,모태펀드,,,,31000000000
투자조합,위벤처스,위벤처스 모태자조합 제6호,,,12,,모태펀드,,,,75300000000
투자조합,대성창업투자,대성창업투자 모태자조합 제20호,,,12,,모태펀드,,,,25000000000
투자조합,뮤렉스파트너스,뮤렉스파트너스 모태자조합 제2호,,,12,,모태펀드,,,,50800000000
투자조합,비에이파트너스,비에이파트너스 모태자조합 제5호,,,12,,모태펀드,,,,30000000000
투자조합,보광인베스트먼트,보광인베스트먼트 모태자조합 제12호,,,12,,모태펀드,,,,12300000000
투자조합,에스비파트너스,에스비파트너스 모태자조합 제2호,,,12,,모태펀드,,,,10000000000
투자조합,이에스인베스터,이에스인베스터 모태자조합 제8호,,,12,,모태펀드,,,,20000000000
투자조합,일신창업투자,일신창업투자 모태자조합 제8호,,,12,,모태펀드,,,,30000000000
투자조합,지온인베스트먼트,지온인베스트먼트 모태자조합 제7호,,,12,,모태펀드,,,,25000000000
투자조합,케이넷투자파트너스,케이넷투자파트너스 모태자조합 제6호,,,12,,모태펀드,,,,101500000000
투자조합,피앤아이인베스트먼트,피앤아이인베스트먼트 모태자조합 제5호,,,12,,모태펀드,,,,10000000000
투자조합,케이앤투자파트너스,케이앤투자파트너스 모태자조합 제13호,,,12,,모태펀드,,,,40030000000
투자조합,씨엔티테크,씨엔티테크 모태자조합 제3호,,,12,,모태펀드,,,,4500000000
투자조합,와이앤아처,와이앤아처 모태자조합 제1호,,,12,,모태펀드,,,,4500000000
투자조합,케이씨벤처스,케이씨벤처스 모태자조합 제3호,,,12,,모태펀드,,,,37000000000
투자조합,유니온투자파트너스,유니온투자파트너스 모태자조합 제15호,,,12,,모태펀드,,,,17500000000
투자조합,아이엠투자파트너스,아이엠투자파트너스 모태자조합 제5호,,,12,,모태펀드,,,,33150000000
투자조합,스마트스터디벤처스,스마트스터디벤처스 모태자조합 제2호,,,12,,모태펀드,,,,37000000000
투자조합,이에스인베스터,이에스인베스터 모태자조합 제9호,,,12,,모태펀드,,,,17000000000
투자조합,티인베스트먼트,티인베스트먼트 모태자조합 제5호,,,12,,모태펀드,,,,41700000000
투자조합,경북대학교기술지주,경북대학교기술지주 모태자조합 제1호,,,12,,모태펀드,,,,2000000000
투자조합,벤처박스,벤처박스 모태자조합 제3호,,,12,,모태펀드,,,,3000000000
투자조합,카이스트청년창업투자지주,카이스트청년창업투자지주 모태자조합 제3호,,,12,,모태펀드,,,,5500000000
투자조합,부산대학교기술지주,부산대학교기술지주 모태자조합 제3호,,,12,,모태펀드,,,,3500000000
투자조합,한양대학교기술지주회사,한양대학교기술지주회사 모태자조합 제3호,,,12,,모태펀드,,,,5170000000
투자조합,서울대학교기술지주,서울대학교기술지주 모태자조합 제6호,,,12,,모태펀드,,,,5550000000
투자조합,로우파트너스,로우파트너스 모태자조합 제2호,,,12,,모태펀드,,,,5100000000
투자조합,퍼스트게이트,퍼스트게이트 모태자조합 제1호,,,12,,모태펀드,,,,5000000000
투자조합,아이디벤처스,아이디벤처스 모태자조합 제10호,,,12,,모태펀드,,,,46000000000
투자조합,스마일게이트인베스트먼트,스마일게이트인베스트먼트 모태자조합 제19호,,,12,,모태펀드,,,,43000000000
투자조합,마이다스동아인베스트먼트,마이다스동아인베스트먼트 모태자조합 제5호,,,12,,모태펀드,,,,30000000000
투자조합,토니인베스트먼트,토니인베스트먼트 모태자조합 제4호,,,12,,모태펀드,,,,30000000000
투자조합,패스파인더에이치,패스파인더에이치 모태자조합 제6호,,,12,,모태펀드,,,,30000000000
투자조합,비엔케이투자증권,비엔케이투자증권 모태자조합 제1호,,,12,,모태펀드,,,,30000000000
투자조합,나우아이비캐피탈,나우아이비캐피탈 모태자조합 제7호,,,12,,모태펀드,,,,22000000000
투자조합,이앤벤처파트너스,이앤벤처파트너스 모태자조합 제4호,,,12,,모태펀드,,,,27000000000
투자조합,키움인베스트먼트,키움인베스트먼트 모태자조합 제13호,,,12,,모태펀드,,,,50400000000
투자조합,엘앤에스벤처캐피탈,엘앤에스벤처캐피탈 모태자조합 제11호,,,12,,모태펀드,,,,45000000000
투자조합,데브시스터즈벤처스,데브시스터즈벤처스 모태자조합 제7호,,,12,,모태펀드,,,,30000000000
투자조합,엘에스케이인베스트먼트,엘에스케이인베스트먼트 모태자조합 제4호,,,12,,모태펀드,,,,46000000000
투자조합,우리벤처파트너스,우리벤처파트너스 모태자조합 제12호,,,12,,모태펀드,,,,43500000000
투자조합,타임웍스인베스트먼트,타임웍스인베스트먼트 모태자조합 제1호,,,12,,모태펀드,,,,27000000000
투자조합,쿼드벤처스,쿼드벤처스 모태자조합 제2호,,,12,,모태펀드,,,,20000000000
투자조합,스케일업파트너스,스케일업파트너스 모태자조합 제1호,,,12,,모태펀드,,,,27300000000
투자조합,알파원인베스트먼트,알파원인베스트먼트 모태자조합 제1호,,,12,,모태펀드,,,,17300000000
투자조합,인포뱅크,인포뱅크 모태자조합 제3호,,,12,,모태펀드,,,,17500000000
투자조합,뉴패러다임인베스트먼트,뉴패러다임인베스트먼트 모태자조합 제3호,,,12,,모태펀드,,,,11600000000
투자조합,시리즈벤처스,시리즈벤처스 모태자조합 제2호,,,12,,모태펀드,,,,10000000000
투자조합,씨엔티테크,씨엔티테크 모태자조합 제4호,,,12,,모태펀드,,,,5520000000
투자조합,경기창조경제혁신센터,경기창조경제혁신센터 모태자조합 제1호,,,12,,모태펀드,,,,5100000000
투자조합,탭엔젤파트너스,탭엔젤파트너스 모태자조합 제1호,,,12,,모태펀드,,,,4050000000
투자조합,울산창조경제혁신센터,울산창조경제혁신센터 모태자조합 제2호,,,12,,모태펀드,,,,4000000000
투자조합,포항공과대학교기술지주,포항공과대학교기술지주 모태자조합 제7호,,,12,,모태펀드,,,,5000000000
투자조합,카이스트청년창업투자지주,카이스트청년창업투자지주 모태자조합 제4호,,,12,,모태펀드,,,,10000000000
투자조합,서울대학교기술지주,서울대학교기술지주 모태자조합 제7호,,,12,,모태펀드,,,,5550000000
투자조합,광주지역대학연합기술지주,광주지역대학연합기술지주 모태자조합 제1호,,,12,,모태펀드,,,,3100000000
투자조합,위벤처스,위벤처스 모태자조합 제7호,,,12,,모태펀드,,,,51000000000
투자조합,얼머스인베스트먼트,얼머스인베스트먼트 모태자조합 제2호,,,12,,모태펀드,,,,45000000000
투자조합,와이어드 파트너스(주),와이어드 파트너스(주) 모태자조합 제1호,,,12,,모태펀드,,,,21500000000
투자조합,에코프로파트너스,에코프로파트너스 모태자조합 제1호,,,12,,모태펀드,,,,11000000000
투자조합,충북창조경제혁신센터,충북창조경제혁신센터 모태자조합 제1호,,,12,,모태펀드,,,,5500000000
투자조합,한국엔젤투자협회,한국엔젤투자협회 모태자조합 제7호,,,12,,모태펀드,,,,5000000000
투자조합,와이앤아처,와이앤아처 모태자조합 제2호,,,12,,모태펀드,,,,5020000000
투자조합,제이씨에이치인베스트먼트,제이씨에이치인베스트먼트 모태자조합 제1호,,,12,,모태펀드,,,,8370000000
투자조합,경남벤처투자,경남벤처투자 모태자조합 제3호,,,12,,모태펀드,,,,6150000000
투자조합,엔브이씨파트너스,엔브이씨파트너스 모태자조합 제2호,,,12,,모태펀드,,,,5500000000
투자조합,울산창조경제혁신센터,울산창조경제혁신센터 모태자조합 제3호,,,12,,모태펀드,,,,5000000000
투자조합,한국벤처투자,한국벤처투자 모태자조합 제28호,,,12,,모태펀드,,,,20500000000
투자조합,한국벤처투자,한국벤처투자 모태자조합 제29호,,,12,,모태펀드,,,,80900000000
투자조합,키로스벤처투자,키로스벤처투자 모태자조합 제1호,,,12,,모태펀드,,,,20000000000
투자조합,보광인베스트먼트,보광인베스트먼트 모태자조합 제13호,,,12,,모태펀드,,,,28600000000
투자조합,펜처인베스트,펜처인베스트 모태자조합 제1호,,,12,,모태펀드,,,,20100000000
투자조합,대성창업투자,대성창업투자 모태자조합 제21호,,,12,,모태펀드,,,,110000000000
투자조합,쿨리지코너인베스트먼트,쿨리지코너인베스트먼트 모태자조합 제12호,,,12,,모태펀드,,,,20000000000
투자조합,비엔케이벤처투자,비엔케이벤처투자 모태자조합 제7호,,,12,,모태펀드,,,,30000000000
투자조합,스마일게이트인베스트먼트,스마일게이트인베스트먼트 모태자조합 제20호,,,12,,모태펀드,,,,20000000000
투자조합,다올프라이빗에쿼티 주식회사,다올프라이빗에쿼티 주식회사 모태자조합 제2호,,,12,,모태펀드,,,,143300000000
투자조합,신한벤처투자,신한벤처투자 모태자조합 제14호,,,12,,모태펀드,,,,60000000000
투자조합,호라이즌인베스트먼트,호라이즌인베스트먼트 모태자조합 제1호,,,12,,모태펀드,,,,24760000000
투자조합,씨엔티테크,씨엔티테크 모태자조합 제5호,,,12,,모태펀드,,,,12000000000
투자조합,퓨처플레이,퓨처플레이 모태자조합 제3호,,,12,,모태펀드,,,,12400000000
투자조합,제이엑스파트너스,제이엑스파트너스 모태자조합 제4호,,,12,,모태펀드,,,,17000000000
투자조합,유안타인베스트먼트,유안타인베스트먼트 모태자조합 제8호,,,12,,모태펀드,,,,150000000000
투자조합,뮤렉스파트너스,뮤렉스파트너스 모태자조합 제3호,,,12,,모태펀드,,,,131600000000
투자조합,유니온투자파트너스,유니온투자파트너스 모태자조합 제16호,,,12,,모태펀드,,,,40500000000
투자조합,퀀텀벤처스코리아,퀀텀벤처스코리아 모태자조합 제4호,,,12,,모태펀드,,,,54000000000
투자조합,케이그라운드벤처스,케이그라운드벤처스 모태자조합 제2호,,,12,,모태펀드,,,,30200000000
투자조합,인탑스인베스트먼트,인탑스인베스트먼트 모태자조합 제1호,,,12,,모태펀드,,,,20000000000
투자조합,바인벤처스,바인벤처스 모태자조합 제1호,,,12,,모태펀드,,,,22800000000
투자조합,연세대학교기술지주,연세대학교기술지주 모태자조합 제5호,,,12,,모태펀드,,,,30000000000
투자조합,아이엠엠인베스트먼트,아이엠엠인베스트먼트 모태자조합 제11호,,,12,,모태펀드,,,,55500000000
투자조합,에스지씨파트너스,에스지씨파트너스 모태자조합 제1호,,,12,,모태펀드,,,,25000000000
투자조합,유티씨인베스트먼트,유티씨인베스트먼트 모태자조합 제12호,,,12,,모태펀드,,,,34000000000
투자조합,아이엠투자파트너스,아이엠투자파트너스 모태자조합 제6호,,,12,,모태펀드,,,,30000000000
투자조합,한국벤처투자,한국벤처투자 모태자조합 제30호,,,12,,모태펀드,,,,59400000000
투자조합,한국벤처투자,한국벤처투자 모태자조합 제31호,,,12,,모태펀드,,,,90306000000
투자조합,에이치비인베스트먼트,에이치비인베스트먼트 모태자조합 제12호,,,12,,모태펀드,,,,36000000000
투자조합,토니인베스트먼트,토니인베스트먼트 모태자조합 제5호,,,12,,모태펀드,,,,35000000000
투자조합,에이벤처스,에이벤처스 모태자조합 제4호,,,12,,모태펀드,,,,32000000000
투자조합,티인베스트먼트,티인베스트먼트 모태자조합 제6호,,,12,,모태펀드,,,,40500000000
투자조합,케이티인베스트먼트,케이티인베스트먼트 모태자조합 제4호,,,12,,모태펀드,,,,64500000000
투자조합,에이스톤벤처스,에이스톤벤처스 모태자조합 제1호,,,12,,모태펀드,,,,21850000000
투자조합,로간벤처스,로간벤처스 모태자조합 제3호,,,12,,모태펀드,,,,17200000000
투자조합,아이엠투자파트너스,아이엠투자파트너스 모태자조합 제7호,,,12,,모태펀드,,,,17000000000
투자조합,대덕벤처파트너스,대덕벤처파트너스 모태자조합 제6호,,,12,,모태펀드,,,,17000000000
투자조합,원익투자파트너스,원익투자파트너스 모태자조합 제7호,,,12,,모태펀드,,,,22000000000
투자조합,코나벤처파트너스,코나벤처파트너스 모태자조합 제6호,,,12,,모태펀드,,,,30000000000
투자조합,가이아벤처파트너스,가이아벤처파트너스 모태자조합 제8호,,,12,,모태펀드,,,,26070000000
투자조합,케이제이앤투자파트너스,케이제이앤투자파트너스 모태자조합 제2호,,,12,,모태펀드,,,,30000000000
투자조합,아이디벤처스,아이디벤처스 모태자조합 제11호,,,12,,모태펀드,,,,30000000000
투자조합,에이티유파트너스,에이티유파트너스 모태자조합 제2호,,,12,,모태펀드,,,,44000000000
투자조합,나우아이비캐피탈,나우아이비캐피탈 모태자조합 제8호,,,12,,모태펀드,,,,33500000000
투자조합,데브시스터즈벤처스,데브시스터즈벤처스 모태자조합 제8호,,,12,,모태펀드,,,,30000000000
투자조합,캡스톤파트너스,캡스톤파트너스 모태자조합 제9호,,,12,,모태펀드,,,,32000000000
투자조합,로간벤처스,로간벤처스 모태자조합 제4호,,,12,,모태펀드,,,,17400000000
투자조합,오픈워터인베스트먼트,오픈워터인베스트먼트 모태자조합 제2호,,,12,,모태펀드,,,,30000000000
투자조합,대교인베스트먼트,대교인베스트먼트 모태자조합 제10호,,,12,,모태펀드,,,,21510000000
투자조합,프롤로그벤처스,프롤로그벤처스 모태자조합 제1호,,,12,,모태펀드,,,,28500000000
투자조합,메이플투자파트너스,메이플투자파트너스 모태자조합 제8호,,,12,,모태펀드,,,,25500000000
투자조합,쏠레어파트너스,쏠레어파트너스 모태자조합 제5호,,,12,,모태펀드,,,,21120000000
투자조합,센트럴투자파트너스,센트럴투자파트너스 모태자조합 제8호,,,12,,모태펀드,,,,20100000000
투자조합,인피니툼파트너스,인피니툼파트너스 모태자조합 제4호,,,12,,모태펀드,,,,18400000000
투자조합,상상이비즈,상상이비즈 모태자조합 제1호,,,12,,모태펀드,,,,4000000000
투자조합,씨엔티테크,씨엔티테크 모태자조합 제6호,,,12,,모태펀드,,,,4000000000
투자조합,인피니툼파트너스,인피니툼파트너스 모태자조합 제5호,,,12,,모태펀드,,,,21500000000
투자조합,코스넷기술투자,코스넷기술투자 모태자조합 제1호,,,12,,모태펀드,,,,21500000000
투자조합,어니스트벤처스,어니스트벤처스 모태자조합 제8호,,,12,,모태펀드,,,,27000000000
투자조합,엠와이소셜컴퍼니,엠와이소셜컴퍼니 모태자조합 제3호,,,12,,모태펀드,,,,10000000000
투자조합,강원대학교기술지주회사,강원대학교기술지주회사 모태자조합 제1호,,,12,,모태펀드,,,,2800000000
투자조합,고려대학교기술지주,고려대학교기술지주 모태자조합 제5호,,,12,,모태펀드,,,,4100000000
투자조합,미래과학기술지주,미래과학기술지주 모태자조합 제6호,,,12,,모태펀드,,,,4600000000
투자조합,부산대학교기술지주,부산대학교기술지주 모태자조합 제4호,,,12,,모태펀드,,,,3000000000
투자조합,인포뱅크,인포뱅크 모태자조합 제4호,,,12,,모태펀드,,,,8300000000
투자조합,고려대학교기술지주,고려대학교기술지주 모태자조합 제6호,,,12,,모태펀드,,,,5050000000
투자조합,메디치인베스트먼트,메디치인베스트먼트 모태자조합 제5호,,,12,,모태펀드,,,,10000000000
투자조합,현대차증권,현대차증권 모태자조합 제1호,,,12,,모태펀드,,,,77500000000
투자조합,가이아벤처파트너스,가이아벤처파트너스 모태자조합 제9호,,,12,,모태펀드,,,,14500000000
투자조합,에스비파트너스,에스비파트너스 모태자조합 제3호,,,12,,모태펀드,,,,30000000000
투자조합,오라클벤처투자,오라클벤처투자 모태자조합 제2호,,,12,,모태펀드,,,,20000000000
투자조합,지유투자,지유투자 모태자조합 제2호,,,12,,모태펀드,,,,16750000000
투자조합,인라이트벤처스,인라이트벤처스 모태자조합 제5호,,,12,,모태펀드,,,,20000000000
투자조합,한국벤처투자,한국벤처투자 모태자조합 제32호,,,12,,모태펀드,,,,22800000000
투자조합,라구나인베스트먼트,라구나인베스트먼트 모태자조합 제5호,,,12,,모태펀드,,,,58100000000
투자조합,티에스인베스트먼트,티에스인베스트먼트 모태자조합 제11호,,,12,,모태펀드,,,,110000000000
투자조합,삼호그린인베스트먼트,삼호그린인베스트먼트 모태자조합 제6호,,,12,,모태펀드,,,,55000000000
투자조합,얼머스인베스트먼트,얼머스인베스트먼트 모태자조합 제3호,,,12,,모태펀드,,,,50000000000
투자조합,신한벤처투자,신한벤처투자 모태자조합 제15호,,,12,,모태펀드,,,,100000000000
투자조합,인터베스트,인터베스트 모태자조합 제12호,,,12,,모태펀드,,,,55000000000
투자조합,스톤브릿지벤처스,스톤브릿지벤처스 모태자조합 제12호,,,12,,모태펀드,,,,60000000000
투자조합,비에이파트너스,비에이파트너스 모태자조합 제6호,,,12,,모태펀드,,,,21000000000
투자조합,비에스케이인베스트먼트,비에스케이인베스트먼트 모태자조합 제11호,,,12,,모태펀드,,,,36000000000
투자조합,크로스로드파트너스,크로스로드파트너스 모태자조합 제1호,,,12,,모태펀드,,,,20050000000
투자조합,제이씨에이치인베스트먼트,제이씨에이치인베스트먼트 모태자조합 제2호,,,12,,모태펀드,,,,22300000000
투자조합,엑스퀘어드,엑스퀘어드 모태자조합 제1호,,,12,,모태펀드,,,,25000000000
투자조합,아주아이비투자,아주아이비투자 모태자조합 제10호,,,12,,모태펀드,,,,100000000000
투자조합,코오롱인베스트먼트,코오롱인베스트먼트 모태자조합 제11호,,,12,,모태펀드,,,,74000000000
투자조합,삼호그린인베스트먼트,삼호그린인베스트먼트 모태자조합 제7호,,,12,,모태펀드,,,,40800000000
투자조합,퓨처플레이,퓨처플레이 모태자조합 제4호,,,12,,모태펀드,,,,42000000000
투자조합,에스벤처스,에스벤처스 모태자조합 제1호,,,12,,모태펀드,,,,30000000000
투자조합,크로스로드파트너스,크로스로드파트너스 모태자조합 제2호,,,12,,모태펀드,,,,20050000000
투자조합,티케인베스트먼트,티케인베스트먼트 모태자조합 제1호,,,12,,모태펀드,,,,20508000000
투자조합,뮤어우즈벤처스,뮤어우즈벤처스 모태자조합 제2호,,,12,,모태펀드,,,,22230000000
투자조합,센트럴투자파트너스,센트럴투자파트너스 모태자조합 제9호,,,12,,모태펀드,,,,20100000000
투자조합,케이앤투자파트너스,케이앤투자파트너스 모태자조합 제14호,,,12,,모태펀드,,,,20000000000
투자조합,신한자산운용,신한자산운용 모태자조합 제1호,,,12,,모태펀드,,,,38000000000
투자조합,NH헤지자산운용,NH헤지자산운용 모태자조합 제1호,,,12,,모태펀드,,,,40000000000
투자조합,프리미어파트너스,프리미어파트너스 모태자조합 제9호,,,12,,모태펀드,,,,156630000000
투자조합,인터밸류파트너스,인터밸류파트너스 모태자조합 제6호,,,12,,모태펀드,,,,21500000000
투자조합,지앤텍벤처투자,지앤텍벤처투자 모태자조합 제5호,,,12,,모태펀드,,,,33500000000
투자조합,오엔벤처투자,오엔벤처투자 모태자조합 제1호,,,12,,모태펀드,,,,34000000000
투자조합,오거스트벤처파트너스,오거스트벤처파트너스 모태자조합 제1호,,,12,,모태펀드,,,,11820000000
투자조합,피앤아이인베스트먼트,피앤아이인베스트먼트 모태자조합 제6호,,,12,,모태펀드,,,,45000000000
투자조합,스케일업파트너스,스케일업파트너스 모태자조합 제2호,,,12,,모태펀드,,,,27400000000
투자조합,메인스트리트벤처스,메인스트리트벤처스 모태자조합 제1호,,,12,,모태펀드,,,,31500000000
투자조합,호라이즌인베스트먼트,호라이즌인베스트먼트 모태자조합 제2호,,,12,,모태펀드,,,,22230000000
투자조합,스닉픽인베스트먼트,스닉픽인베스트먼트 모태자조합 제1호,,,12,,모태펀드,,,,20000000000
투자조합,노틸러스인베스트먼트,노틸러스인베스트먼트 모태자조합 제1호,,,12,,모태펀드,,,,17000000000
투자조합,노보섹인베스트먼트,노보섹인베스트먼트 모태자조합 제1호,,,12,,모태펀드,,,,20000000000
투자조합,쿼드벤처스,쿼드벤처스 모태자조합 제3호,,,12,,모태펀드,,,,24200000000
투자조합,타임웍스인베스트먼트,타임웍스인베스트먼트 모태자조합 제2호,,,12,,모태펀드,,,,31000000000
투자조합,에코프로파트너스,에코프로파트너스 모태자조합 제2호,,,12,,모태펀드,,,,30000000000
투자조합,비엠벤처스,비엠벤처스 모태자조합 제1호,,,12,,모태펀드,,,,15000000000
투자조합,키움인베스트먼트,키움인베스트먼트 모태자조합 제14호,,,12,,모태펀드,,,,125000000000
투자조합,위벤처스,위벤처스 모태자조합 제8호,,,12,,모태펀드,,,,67700000000
투자조합,엘에프인베스트먼트,엘에프인베스트먼트 모태자조합 제1호,,,12,,모태펀드,,,,21000000000
투자조합,엠와이소셜컴퍼니,엠와이소셜컴퍼니 모태자조합 제4호,,,12,,모태펀드,,,,19250000000
투자조합,마그나인베스트먼트,마그나인베스트먼트 모태자조합 제10호,,,12,,모태펀드,,,,17200000000
투자조합,비엔케이투자증권,비엔케이투자증권 모태자조합 제2호,,,12,,모태펀드,,,,25500000000
투자조합,바로벤처스,바로벤처스 모태자조합 제1호,,,12,,모태펀드,,,,26000000000
투자조합,한국벤처투자,한국벤처투자 모태자조합 제33호,,,12,,모태펀드,,,,101100000000
투자조합,한국벤처투자,한국벤처투자 모태자조합 제34호,,,12,,모태펀드,,,,8100000000
투자조합,코오롱인베스트먼트,코오롱인베스트먼트 모태자조합 제12호,,,12,,모태펀드,,,,25000000000
투자조합,에이치비인베스트먼트,에이치비인베스트먼트 모태자조합 제13호,,,12,,모태펀드,,,,74600000000
투자조합,이에스인베스터,이에스인베스터 모태자조합 제10호,,,12,,모태펀드,,,,20500000000
투자조합,에버그린투자파트너스,에버그린투자파트너스 모태자조합 제4호,,,12,,모태펀드,,,,30000000000
투자조합,코메스인베스트먼트,코메스인베스트먼트 모태자조합 제4호,,,12,,모태펀드,,,,40000000000
투자조합,알바트로스인베스트먼트,알바트로스인베스트먼트 모태자조합 제6호,,,12,,모태펀드,,,,27500000000
투자조합,킹고투자파트너스,킹고투자파트너스 모태자조합 제2호,,,12,,모태펀드,,,,21000000000
투자조합,스마일게이트인베스트먼트,스마일게이트인베스트먼트 모태자조합 제21호,,,12,,모태펀드,,,,25000000000
투자조합,대교인베스트먼트,대교인베스트먼트 모태자조합 제11호,,,12,,모태펀드,,,,17000000000
투자조합,에스비아이인베스트먼트,에스비아이인베스트먼트 모태자조합 제11호,,,12,,모태펀드,,,,34400000000
투자조합,세마인베스트먼트,세마인베스트먼트 모태자조합 제1호,,,12,,모태펀드,,,,30500000000
투자조합,대경지역대학공동기술지주,대경지역대학공동기술지주 모태자조합 제4호,,,12,,모태펀드,,,,6000000000
투자조합,부산창조경제혁신센터,부산창조경제혁신센터 모태자조합 제1호,,,12,,모태펀드,,,,3000000000
투자조합,충남창조경제혁신센터,충남창조경제혁신센터 모태자조합 제1호,,,12,,모태펀드,,,,5130000000
투자조합,한국과학기술지주,한국과학기술지주 모태자조합 제2호,,,12,,모태펀드,,,,6000000000
투자조합,크립톤,크립톤 모태자조합 제1호,,,12,,모태펀드,,,,5000000000
투자조합,전남대학교기술지주회사,전남대학교기술지주회사 모태자조합 제4호,,,12,,모태펀드,,,,5000000000
투자조합,울산창조경제혁신센터,울산창조경제혁신센터 모태자조합 제4호,,,12,,모태펀드,,,,3850000000
투자조합,엠와이소셜컴퍼니,엠와이소셜컴퍼니 모태자조합 제5호,,,12,,모태펀드,,,,3500000000
투자조합,시리즈벤처스,시리즈벤처스 모태자조합 제3호,,,12,,모태펀드,,,,3000000000
투자조합,와이앤아처,와이앤아처 모태자조합 제3호,,,12,,모태펀드,,,,2000000000
투자조합,로우파트너스,로우파트너스 모태자조합 제3호,,,12,,모태펀드,,,,5000000000
투자조합,웰컴벤처스,웰컴벤처스 모태자조합 제1호,,,12,,모태펀드,,,,10000000000
투자조합,와디즈파트너스,와디즈파트너스 모태자조합 제1호,,,12,,모태펀드,,,,5000000000
투자조합,미래과학기술지주,미래과학기술지주 모태자조합 제7호,,,12,,모태펀드,,,,8500000000
투자조합,라이징에스벤처스,라이징에스벤처스 모태자조합 제1호,,,12,,모태펀드,,,,10000000000
투자조합,서울투자파트너스,서울투자파트너스 모태자조합 제8호,,,12,,모태펀드,,,,21600000000
투자조합,탭엔젤파트너스,탭엔젤파트너스 모태자조합 제2호,,,12,,모태펀드,,,,7000000000
투자조합,넥스트지인베스트먼트,넥스트지인베스트먼트 모태자조합 제2호,,,12,,모태펀드,,,,51000000000
투자조합,에스비아이인베스트먼트,에스비아이인베스트먼트 모태자조합 제12호,,,12,,모태펀드,,,,60000000000
투자조합,케이씨벤처스,케이씨벤처스 모태자조합 제4호,,,12,,모태펀드,,,,50000000000
투자조합,펜처인베스트,펜처인베스트 모태자조합 제2호,,,12,,모태펀드,,,,50050000000
투자조합,노틱인베스트먼트,노틱인베스트먼트 모태자조합 제1호,,,12,,모태펀드,,,,100000000000
투자조합,유니온투자파트너스,유니온투자파트너스 모태자조합 제17호,,,12,,모태펀드,,,,40000000000
투자조합,스마트스터디벤처스,스마트스터디벤처스 모태자조합 제3호,,,12,,모태펀드,,,,38500000000
투자조합,일신창업투자,일신창업투자 모태자조합 제9호,,,12,,모태펀드,,,,37500000000
투자조합,코나벤처파트너스,코나벤처파트너스 모태자조합 제7호,,,12,,모태펀드,,,,37500000000
투자조합,한국투자파트너스,한국투자파트너스 모태자조합 제15호,,,12,,모태펀드,,,,40000000000
투자조합,인라이트벤처스,인라이트벤처스 모태자조합 제6호,,,12,,모태펀드,,,,33400000000
투자조합,현대기술투자,현대기술투자 모태자조합 제8호,,,12,,모태펀드,,,,33800000000
투자조합,솔트룩스벤처스,솔트룩스벤처스 모태자조합 제1호,,,12,,모태펀드,,,,23300000000
투자조합,펜처인베스트,펜처인베스트 모태자조합 제3호,,,12,,모태펀드,,,,42000000000
투자조합,키로스벤처투자,키로스벤처투자 모태자조합 제2호,,,12,,모태펀드,,,,27000000000
투자조합,가이아벤처파트너스,가이아벤처파트너스 모태자조합 제10호,,,12,,모태펀드,,,,27080000000
투자조합,플랜에이치벤처스,플랜에이치벤처스 모태자조합 제1호,,,12,,모태펀드,,,,38500000000
투자조합,NBH캐피탈,NBH캐피탈 모태자조합 제3호,,,12,,모태펀드,,,,32150000000
투자조합,상상이비즈,상상이비즈 모태자조합 제2호,,,12,,모태펀드,,,,5000000000
투자조합,에이씨패스파인더,에이씨패스파인더 모태자조합 제1호,,,12,,모태펀드,,,,5000000000
투자조합,일신창업투자,일신창업투자 모태자조합 제10호,,,12,,모태펀드,,,,12000000000
투자조합,한림대학교기술지주,한림대학교기술지주 모태자조합 제1호,,,12,,모태펀드,,,,2470000000
투자조합,부산대학교기술지주,부산대학교기술지주 모태자조합 제5호,,,12,,모태펀드,,,,3500000000
투자조합,고려대학교기술지주,고려대학교기술지주 모태자조합 제7호,,,12,,모태펀드,,,,4000000000
투자조합,강원대학교기술지주회사,강원대학교기술지주회사 모태자조합 제2호,,,12,,모태펀드,,,,3400000000
투자조합,인텔렉추얼디스커버리,인텔렉추얼디스커버리 모태자조합 제3호,,,12,,모태펀드,,,,22800000000
투자조합,인탑스인베스트먼트,인탑스인베스트먼트 모태자조합 제2호,,,12,,모태펀드,,,,23000000000
투자조합,현대투자파트너스,현대투자파트너스 모태자조합 제2호,,,12,,모태펀드,,,,17700000000
투자조합,포항공과대학교기술지주,포항공과대학교기술지주 모태자조합 제8호,,,12,,모태펀드,,,,7500000000
투자조합,경기창조경제혁신센터,경기창조경제혁신센터 모태자조합 제2호,,,12,,모태펀드,,,,6740000000
투자조합,엘에프인베스트먼트,엘에프인베스트먼트 모태자조합 제2호,,,12,,모태펀드,,,,20000000000
투자조합,린벤처스,린벤처스 모태자조합 제1호,,,12,,모태펀드,,,,20000000000
투자조합,에이치지이니셔티브,에이치지이니셔티브 모태자조합 제1호,,,12,,모태펀드,,,,7000000000
투자조합,미시간벤처캐피탈,미시간벤처캐피탈 모태자조합 제14호,,,12,,모태펀드,,,,50000000000
투자조합,인포뱅크,인포뱅크 모태자조합 제5호,,,12,,모태펀드,,,,5000000000
투자조합,소풍벤처스,소풍벤처스 모태자조합 제2호,,,12,,모태펀드,,,,4300000000
투자조합,에이스톤벤처스,에이스톤벤처스 모태자조합 제2호,,,12,,모태펀드,,,,22330000000
투자조합,패스파인더에이치,패스파인더에이치 모태자조합 제7호,,,12,,모태펀드,,,,20000000000
투자조합,디쓰리쥬빌리파트너스,디쓰리쥬빌리파트너스 모태자조합 제4호,,,12,,모태펀드,,,,44000000000
투자조합,컴퍼니케이파트너스,컴퍼니케이파트너스 모태자조합 제12호,,,12,,모태펀드,,,,12000000000
투자조합,메이플투자파트너스,메이플투자파트너스 모태자조합 제9호,,,12,,모태펀드,,,,34000000000
투자조합,제이비인베스트먼트,제이비인베스트먼트 모태자조합 제7호,,,12,,모태펀드,,,,40000000000
투자조합,삼천리인베스트먼트,삼천리인베스트먼트 모태자조합 제1호,,,12,,모태펀드,,,,20000000000
투자조합,슈미트,슈미트 모태자조합 제1호,,,12,,모태펀드,,,,15000000000
투자조합,스틱벤처스,스틱벤처스 모태자조합 제10호,,,12,,모태펀드,,,,174100000000
투자조합,신한벤처투자,신한벤처투자 모태자조합 제16호,,,12,,모태펀드,,,,37250000000
투자조합,씨케이디창업투자,씨케이디창업투자 모태자조합 제10호,,,12,,모태펀드,,,,20000000000
투자조합,에스비아이인베스트먼트,에스비아이인베스트먼트 모태자조합 제13호,,,12,,모태펀드,,,,101000000000
투자조합,엘앤에스벤처캐피탈,엘앤에스벤처캐피탈 모태자조합 제12호,,,12,,모태펀드,,,,32500000000
투자조합,인라이트벤처스,인라이트벤처스 모태자조합 제7호,,,12,,모태펀드,,,,20500000000
투자조합,인포뱅크,인포뱅크 모태자조합 제6호,,,12,,모태펀드,,,,19050000000
투자조합,카카오벤처스,카카오벤처스 모태자조합 제5호,,,12,,모태펀드,,,,44000000000
투자조합,케이씨투자파트너스,케이씨투자파트너스 모태자조합 제1호,,,12,,모태펀드,,,,17500000000
투자조합,아이비케이벤처투자,아이비케이벤처투자 모태자조합 제1호,,,12,,모태펀드,,,,50000000000
투자조합,엔코어벤처스,엔코어벤처스 모태자조합 제1호,,,12,,모태펀드,,,,28500000000
투자조합,패스파인더에이치,패스파인더에이치 모태자조합 제8호,,,12,,모태펀드,,,,15000000000
투자조합,아이비케이벤처투자,아이비케이벤처투자 모태자조합 제2호,,,12,,모태펀드,,,,50000000000
투자조합,효성벤처스,효성벤처스 모태자조합 제1호,,,12,,모태펀드,,,,100000000000
투자조합,디티앤인베스트먼트,디티앤인베스트먼트 모태자조합 제8호,,,12,,모태펀드,,,,30000000000
투자조합,뮤렉스파트너스,뮤렉스파트너스 모태자조합 제4호,,,12,,모태펀드,,,,25000000000
투자조합,케이비인베스트먼트,케이비인베스트먼트 모태자조합 제14호,,,12,,모태펀드,,,,107500000000
투자조합,솔리더스인베스트먼트,솔리더스인베스트먼트 모태자조합 제2호,,,12,,모태펀드,,,,80000000000
투자조합,한국벤처투자,한국벤처투자 모태자조합 제35호,,,12,,모태펀드,,,,64700000000
투자조합,데브시스터즈벤처스,데브시스터즈벤처스 모태자조합 제9호,,,12,,모태펀드,,,,15500000000
투자조합,안다아시아벤처스,안다아시아벤처스 모태자조합 제2호,,,12,,모태펀드,,,,30000000000
투자조합,넥스트지인베스트먼트,넥스트지인베스트먼트 모태자조합 제3호,,,12,,모태펀드,,,,9450000000
투자조합,에이치지이니셔티브,에이치지이니셔티브 모태자조합 제2호,,,12,,모태펀드,,,,7750000000
투자조합,한국벤처투자,한국벤처투자 모태자조합 제36호,,,12,,모태펀드,,,,20604000000
투자조합,나이스투자파트너스,나이스투자파트너스 모태자조합 제2호,,,12,,모태펀드,,,,33400000000
투자조합,데일리파트너스,데일리파트너스 모태자조합 제3호,,,12,,모태펀드,,,,80000000000
투자조합,삼호그린인베스트먼트,삼호그린인베스트먼트 모태자조합 제8호,,,12,,모태펀드,,,,50000000000
투자조합,포스코기술투자,포스코기술투자 모태자조합 제12호,,,12,,모태펀드,,,,62500000000
투자조합,바인벤처스,바인벤처스 모태자조합 제2호,,,12,,모태펀드,,,,20000000000
투자조합,코난인베스트먼트,코난인베스트먼트 모태자조합 제1호,,,12,,모태펀드,,,,15500000000
투자조합,에이온인베스트먼트,에이온인베스트먼트 모태자조합 제1호,,,12,,모태펀드,,,,21220000000
투자조합,세이지원파트너스,세이지원파트너스 모태자조합 제1호,,,12,,모태펀드,,,,21500000000
투자조합,다성벤처스,다성벤처스 모태자조합 제1호,,,12,,모태펀드,,,,20000000000
투자조합,지앤피인베스트먼트,지앤피인베스트먼트 모태자조합 제1호,,,12,,모태펀드,,,,20000000000
투자조합,에이오에이캐피탈파트너스,에이오에이캐피탈파트너스 모태자조합 제1호,,,12,,모태펀드,,,,17000000000
투자조합,젠티움파트너스,젠티움파트너스 모태자조합 제1호,,,12,,모태펀드,,,,17000000000
투자조합,오엔벤처투자,오엔벤처투자 모태자조합 제2호,,,12,,모태펀드,,,,14000000000
투자조합,비에이파트너스,비에이파트너스 모태자조합 제7호,,,12,,모태펀드,,,,22500000000
투자조합,비에스케이인베스트먼트,비에스케이인베스트먼트 모태자조합 제12호,,,12,,모태펀드,,,,30000000000
투자조합,수인베스트먼트캐피탈,수인베스트먼트캐피탈 모태자조합 제6호,,,12,,모태펀드,,,,14300000000
투자조합,현대투자파트너스,현대투자파트너스 모태자조합 제3호,,,12,,모태펀드,,,,23000000000
투자조합,미리어드파트너스 주식회사,미리어드파트너스 주식회사 모태자조합 제1호,,,12,,모태펀드,,,,20000000000
투자조합,피앤피인베스트먼트,피앤피인베스트먼트 모태자조합 제3호,,,12,,모태펀드,,,,16000000000
투자조합,동문파트너즈,동문파트너즈 모태자조합 제6호,,,12,,모태펀드,,,,16900000000
투자조합,컴퍼니케이파트너스,컴퍼니케이파트너스 모태자조합 제13호,,,12,,모태펀드,,,,122000000000
투자조합,비엔에이치인베스트먼트,비엔에이치인베스트먼트 모태자조합 제5호,,,12,,모태펀드,,,,90500000000
투자조합,케이넷투자파트너스,케이넷투자파트너스 모태자조합 제7호,,,12,,모태펀드,,,,35500000000
투자조합,에스제이투자파트너스,에스제이투자파트너스 모태자조합 제9호,,,12,,모태펀드,,,,49000000000
투자조합,대덕벤처파트너스,대덕벤처파트너스 모태자조합 제7호,,,12,,모태펀드,,,,17000000000
투자조합,메인스트리트벤처스,메인스트리트벤처스 모태자조합 제2호,,,12,,모태펀드,,,,24500000000
투자조합,스케일업파트너스,스케일업파트너스 모태자조합 제3호,,,12,,모태펀드,,,,27800000000
투자조합,위벤처스,위벤처스 모태자조합 제9호,,,12,,모태펀드,,,,15400000000
투자조합,뉴패러다임인베스트먼트,뉴패러다임인베스트먼트 모태자조합 제4호,,,12,,모태펀드,,,,6400000000
투자조합,탭엔젤파트너스,탭엔젤파트너스 모태자조합 제3호,,,12,,모태펀드,,,,6000000000
투자조합,미리어드파트너스 주식회사,미리어드파트너스 주식회사 모태자조합 제2호,,,12,,모태펀드,,,,6000000000
투자조합,지스트기술지주,지스트기술지주 모태자조합 제1호,,,12,,모태펀드,,,,5390000000
투자조합,씨앤벤처파트너스,씨앤벤처파트너스 모태자조합 제2호,,,12,,모태펀드,,,,5000000000
투자조합,엠와이소셜컴퍼니,엠와이소셜컴퍼니 모태자조합 제6호,,,12,,모태펀드,,,,5500000000
투자조합,크립톤,크립톤 모태자조합 제2호,,,12,,모태펀드,,,,10110000000
투자조합,전북창조경제혁신센터,전북창조경제혁신센터 모태자조합 제1호,,,12,,모태펀드,,,,2000000000
투자조합,다올프라이빗에쿼티 주식회사,다올프라이빗에쿼티 주식회사 모태자조합 제3호,,,12,,모태펀드,,,,282100000000
투자조합,한국벤처투자,한국벤처투자 모태자조합 제37호,,,12,,모태펀드,,,,10110000000
투자조합,한국벤처투자,한국벤처투자 모태자조합 제38호,,,12,,모태펀드,,,,30400000000
투자조합,에이비즈파트너스,에이비즈파트너스 모태자조합 제2호,,,12,,모태펀드,,,,50000000000
투자조합,케이넷투자파트너스,케이넷투자파트너스 모태자조합 제8호,,,12,,모태펀드,,,,60000000000
투자조합,펜처인베스트,펜처인베스트 모태자조합 제4호,,,12,,모태펀드,,,,60000000000
투자조합,가이아벤처파트너스,가이아벤처파트너스 모태자조합 제11호,,,12,,모태펀드,,,,37500000000
투자조합,크릿벤처스,크릿벤처스 모태자조합 제2호,,,12,,모태펀드,,,,37500000000
투자조합,미시간벤처캐피탈,미시간벤처캐피탈 모태자조합 제15호,,,12,,모태펀드,,,,45000000000
투자조합,티에스인베스트먼트,티에스인베스트먼트 모태자조합 제12호,,,12,,모태펀드,,,,39750000000
투자조합,한국벤처투자,한국벤처투자 모태자조합 제39호,,,12,,모태펀드,,,,40500000000
투자조합,카스피안캐피탈,카스피안캐피탈 모태자조합 제1호,,,12,,모태펀드,,,,20210000000
투자조합,비엔케이벤처투자,비엔케이벤처투자 모태자조합 제8호,,,12,,모태펀드,,,,41000000000
투자조합,인탑스인베스트먼트,인탑스인베스트먼트 모태자조합 제3호,,,12,,모태펀드,,,,22000000000
투자조합,유니스트기술지주,유니스트기술지주 모태자조합 제1호,,,12,,모태펀드,,,,12000000000
투자조합,미래과학기술지주,미래과학기술지주 모태자조합 제8호,,,12,,모태펀드,,,,12000000000
투자조합,케이에이치벤처파트너스,케이에이치벤처파트너스 모태자조합 제1호,,,12,,모태펀드,,,,19000000000
투자조합,하랑기술투자,하랑기술투자 모태자조합 제1호,,,12,,모태펀드,,,,8100000000
투자조합,케이런벤처스,케이런벤처스 모태자조합 제4호,,,12,,모태펀드,,,,33700000000
투자조합,오픈워터인베스트먼트,오픈워터인베스트먼트 모태자조합 제3호,,,12,,모태펀드,,,,10000000000
투자조합,한양대학교기술지주회사,한양대학교기술지주회사 모태자조합 제4호,,,12,,모태펀드,,,,4015000000
투자조합,지스트기술지주,지스트기술지주 모태자조합 제2호,,,12,,모태펀드,,,,2555000000
투자조합,부산지역대학연합기술지주,부산지역대학연합기술지주 모태자조합 제4호,,,12,,모태펀드,,,,4000000000
투자조합,경북대학교기술지주,경북대학교기술지주 모태자조합 제2호,,,12,,모태펀드,,,,3100000000
투자조합,미네타브룩벤처스,미네타브룩벤처스 모태자조합 제1호,,,12,,모태펀드,,,,3640000000
투자조합,한국벤처투자,한국벤처투자 모태자조합 제40호,,,12,,모태펀드,,,,105600000000
투자조합,한국벤처투자,한국벤처투자 모태자조합 제41호,,,12,,모태펀드,,,,101100000000
투자조합,한국벤처투자,한국벤처투자 모태자조합 제42호,,,12,,모태펀드,,,,40500000000
